fecha,maquina,operacion,campo_id,temp_aire_c,precipitacion_mm,humedad_relativa_pct,n_suelo_ppm,objetivo_t_ha,etapa,etapa_enc,dosis_kg_ha
2020-01-01 00:00:00.000000000,Fertilizadora,Fertilizacion,4,18.99168466013084,62.869388683817334,74.36766339809323,38.44605394936236,9.179244254798014,Madurez,3.0,0.0
2020-01-06 02:56:01.923847695,Fertilizadora,Fertilizacion,7,16.6541566119903,57.06296957463862,71.63028600159033,46.48214581099839,4.571839627106261,Vegetativo,1.0,28.413416782227426
2020-01-11 05:52:03.847695390,Fertilizadora,Fertilizacion,3,21.251324386597776,35.06092704922276,73.6703239057378,41.25004201340416,4.913447817332806,Vegetativo,1.0,40.340075785825555
2020-01-16 08:48:05.771543086,Fertilizadora,Fertilizacion,2,22.360313298270583,24.545620251058093,80.41370299192309,30.52363164460496,6.6874133875466075,Siembra,0.0,30.095371178199684
2020-01-21 11:44:07.695390781,Fertilizadora,Fertilizacion,3,16.716954732681856,4.3647260174755615,80.21784750936304,21.09004837028655,5.114225038397894,Reproductivo,2.0,30.119969413665743
2020-01-26 14:40:09.619238477,Fertilizadora,Fertilizacion,3,18.884710774425262,38.3849711881787,78.76081339510688,33.60979326338952,8.414926821020542,Siembra,0.0,24.02603621906355
2020-01-31 17:36:11.543086172,Fertilizadora,Fertilizacion,2,22.787667203792846,79.84288451618146,76.05736117059114,19.217141064578676,4.348238474234334,Siembra,0.0,38.87244695440006
2020-02-05 20:32:13.466933867,Fertilizadora,Fertilizacion,2,22.57864007418917,51.846280016952726,72.10072479529192,31.76719905431799,7.298255994315197,Madurez,3.0,13.851715060469022
2020-02-10 23:28:15.390781563,Fertilizadora,Fertilizacion,2,24.01073162682975,37.56384650863136,79.52862519169793,13.037447325659729,6.296749390683424,Reproductivo,2.0,32.40660518315373
2020-02-16 02:24:17.314629258,Fertilizadora,Fertilizacion,4,23.098013100148687,51.26841690463458,76.48727768332756,36.09673044335224,6.7896789021535096,Siembra,0.0,8.969659249569563
2020-02-21 05:20:19.238476954,Fertilizadora,Fertilizacion,3,27.674389364158603,22.200941856669978,67.52900985254203,18.490602994665764,6.548542706173611,Reproductivo,2.0,46.7080005803472
2020-02-26 08:16:21.162324649,Fertilizadora,Fertilizacion,4,28.202997538782007,39.04062414862945,82.0595296766534,21.14844571678633,4.918955095207922,Vegetativo,1.0,62.23531392707351
2020-03-02 11:12:23.086172344,Fertilizadora,Fertilizacion,6,27.370840683030046,43.60264930155948,70.32752535427323,32.44654779803136,5.321688911851374,Siembra,0.0,30.578287222675332
2020-03-07 14:08:25.010020040,Fertilizadora,Fertilizacion,2,30.41537331621003,39.876733181294185,62.63390862571187,13.938943916186942,4.38884619346256,Vegetativo,1.0,94.43200421558085
2020-03-12 17:04:26.933867735,Fertilizadora,Fertilizacion,8,29.644735933401325,50.8993083950899,65.68213549418452,57.93089359997555,4.691713451794428,Madurez,3.0,0.0
2020-03-17 20:00:28.857715431,Fertilizadora,Fertilizacion,7,27.372414578765273,43.28191136504391,67.23083102415872,29.58193734660819,9.86736893451349,Siembra,0.0,34.59417298320978
2020-03-22 22:56:30.781563126,Fertilizadora,Fertilizacion,2,30.681841267622513,46.33541067005277,72.2675626146731,24.37535762947131,5.678720870063511,Vegetativo,1.0,53.16346174840796
2020-03-28 01:52:32.705410821,Fertilizadora,Fertilizacion,3,28.43265876195664,25.44234244174369,72.77007900469825,6.605813280091951,5.842153236037385,Madurez,3.0,0.0
2020-04-02 04:48:34.629258517,Fertilizadora,Fertilizacion,2,32.98155603942159,45.97524532291476,69.1574439545257,51.37898997117281,4.762637982592726,Vegetativo,1.0,14.266381228357103
2020-04-07 07:44:36.553106212,Fertilizadora,Fertilizacion,3,31.393776564803833,54.46767984963026,74.77297560724311,39.42086534185114,8.530985226980508,Siembra,0.0,27.291798238989568
2020-04-12 10:40:38.476953908,Fertilizadora,Fertilizacion,3,31.49608640857813,16.28054893900137,76.11317800903377,27.90228351627135,9.54485686112369,Vegetativo,1.0,59.24329443916433
2020-04-17 13:36:40.400801602,Fertilizadora,Fertilizacion,2,30.74547922348287,15.59163707473105,76.28803852966823,18.504303963616167,8.738503222399906,Reproductivo,2.0,28.72437592886318
2020-04-22 16:32:42.324649298,Fertilizadora,Fertilizacion,1,35.21290707826637,44.847373645805504,72.9466633749145,45.98255802714618,7.675694976605031,Madurez,3.0,2.9474189955414114
2020-04-27 19:28:44.248496994,Fertilizadora,Fertilizacion,4,32.40012583542147,21.578724396762677,77.0304660138749,57.001101665791694,8.879397493663458,Reproductivo,2.0,0.0
2020-05-02 22:24:46.172344688,Fertilizadora,Fertilizacion,6,31.94992397267436,42.020282842662894,59.20818393148629,25.944533810861113,6.4253813975971505,Siembra,0.0,43.83796410321256
2020-05-08 01:20:48.096192384,Fertilizadora,Fertilizacion,3,32.21328846515048,13.919539518619535,71.825156362121,12.418183760857719,9.156984130484124,Madurez,3.0,10.621656340852493
2020-05-13 04:16:50.020040080,Fertilizadora,Fertilizacion,7,34.16577773236765,38.639806002032145,58.26953292657191,11.005711100000555,8.791113097829092,Madurez,3.0,25.395128905022133
2020-05-18 07:12:51.943887776,Fertilizadora,Fertilizacion,3,33.7388871944492,18.30646886766262,73.34323153331654,5.349908478363725,4.010347865537915,Reproductivo,2.0,42.89473022254619
2020-05-23 10:08:53.867735470,Fertilizadora,Fertilizacion,8,33.717074246502776,18.333075731750327,73.10458012183794,45.91754924244471,6.9267648095051015,Madurez,3.0,0.0
2020-05-28 13:04:55.791583166,Fertilizadora,Fertilizacion,2,33.565890933672335,34.94475692351986,78.12955126807118,58.97674622459188,5.587699456475357,Madurez,3.0,0.0
2020-06-02 16:00:57.715430862,Fertilizadora,Fertilizacion,5,37.07501365186156,6.37579296008013,80.03948814136876,59.60497640144625,4.517397498206173,Siembra,0.0,0.0
2020-06-07 18:56:59.639278556,Fertilizadora,Fertilizacion,7,31.152745173312905,0.0,76.71318947885469,48.130848988860905,9.077176256486648,Vegetativo,1.0,24.775621719246708
2020-06-12 21:53:01.563126252,Fertilizadora,Fertilizacion,1,30.543898839068277,2.254135163763106,72.52713812884365,13.920107806282397,4.047698105806734,Reproductivo,2.0,36.365274069138714
2020-06-18 00:49:03.486973948,Fertilizadora,Fertilizacion,8,29.354713700584828,13.336966985231012,77.96985952125125,58.774020075221685,8.380981012332162,Vegetativo,1.0,0.0
2020-06-23 03:45:05.410821642,Fertilizadora,Fertilizacion,3,32.003629754353135,0.0,72.03122376203052,23.0297393651073,9.929152725983116,Reproductivo,2.0,15.958678653901671
2020-06-28 06:41:07.334669338,Fertilizadora,Fertilizacion,4,32.586519725642,13.788484553567702,73.88328342307979,23.3490785220899,6.892118600237414,Reproductivo,2.0,30.89880603807152
2020-07-03 09:37:09.258517034,Fertilizadora,Fertilizacion,6,29.261280871455725,0.0,82.0753695967551,42.80353240908414,6.227443179648608,Siembra,0.0,31.496515906281736
2020-07-08 12:33:11.182364728,Fertilizadora,Fertilizacion,6,27.032052773628614,19.35775650562302,72.0435329328436,7.697705289094826,7.6349977268482805,Reproductivo,2.0,41.6383946111573
2020-07-13 15:29:13.106212424,Fertilizadora,Fertilizacion,1,26.39888675664433,0.0,81.99446147062949,50.41733514491576,8.828186965886033,Siembra,0.0,18.029829208166483
2020-07-18 18:25:15.030060120,Fertilizadora,Fertilizacion,7,28.945250934770115,0.0,80.33357038498428,59.85135020682592,5.441511962651673,Reproductivo,2.0,8.426241736542101
2020-07-23 21:21:16.953907816,Fertilizadora,Fertilizacion,5,28.42432689576522,0.0,70.72273468369725,47.628837794945454,5.5042085749212175,Vegetativo,1.0,24.313323180762488
2020-07-29 00:17:18.877755512,Fertilizadora,Fertilizacion,8,27.087634212566872,0.0,82.762692794906,47.99220701640333,7.643068084521081,Siembra,0.0,7.844918384273113
2020-08-03 03:13:20.801603204,Fertilizadora,Fertilizacion,4,23.66571172967935,5.584676498296849,81.86162484697752,26.467251881160305,9.639278925125833,Madurez,3.0,8.15330597959763
2020-08-08 06:09:22.725450900,Fertilizadora,Fertilizacion,5,24.869372810939407,0.0,78.30727484040716,8.62567639586113,5.79063985455258,Vegetativo,1.0,100.28611977060197
2020-08-13 09:05:24.649298596,Fertilizadora,Fertilizacion,4,23.84146004444099,0.0,73.48154823627975,48.59670888289328,6.2605279793740785,Siembra,0.0,17.89270750017045
2020-08-18 12:01:26.573146292,Fertilizadora,Fertilizacion,8,23.295069693099975,1.1923257501424573,72.99610343595019,37.84369477976403,9.959999808761737,Vegetativo,1.0,45.33787714867779
2020-08-23 14:57:28.496993988,Fertilizadora,Fertilizacion,7,23.96907066249464,7.012624709591912,74.2238398299414,55.01362790171464,5.057332991239095,Madurez,3.0,0.0
2020-08-28 17:53:30.420841684,Fertilizadora,Fertilizacion,8,21.79621325247104,0.0,82.0268921413869,11.377959509175788,4.461809010251825,Siembra,0.0,55.580689792656734
2020-09-02 20:49:32.344689376,Fertilizadora,Fertilizacion,5,22.07021928037621,15.98299551722652,71.66303260608181,21.781768470175958,7.538531433283636,Vegetativo,1.0,66.59077659217263
2020-09-07 23:45:34.268537072,Fertilizadora,Fertilizacion,7,20.022900713943883,16.527850244163073,80.69483022230582,24.836088454786253,4.145601930529798,Vegetativo,1.0,61.769559486090166
2020-09-13 02:41:36.192384768,Fertilizadora,Fertilizacion,3,19.708137044265747,14.199812627450036,70.91563385104062,42.58038396995803,5.082599387648936,Madurez,3.0,12.792447070016433
2020-09-18 05:37:38.116232464,Fertilizadora,Fertilizacion,4,19.83216931308468,18.023979954610127,76.79241083741847,48.325983970673526,7.733255084142808,Siembra,0.0,0.0
2020-09-23 08:33:40.040080160,Fertilizadora,Fertilizacion,7,14.649936600542485,15.90738428902863,80.65781797413189,57.85612247214311,7.957074404147998,Siembra,0.0,3.064375640603506
2020-09-28 11:29:41.963927856,Fertilizadora,Fertilizacion,1,16.61017510293783,41.86409402629497,91.90809206222166,21.247393707828493,7.0625514978857185,Reproductivo,2.0,29.79888356657246
2020-10-03 14:25:43.887775552,Fertilizadora,Fertilizacion,6,15.785841474288357,13.847855390551493,71.50323311963275,32.1500024710336,6.3024882773763,Siembra,0.0,21.924220473693737
2020-10-08 17:21:45.811623244,Fertilizadora,Fertilizacion,1,14.975420201041825,12.52815979799609,88.98843754473647,6.592851154471413,7.45718550653109,Reproductivo,2.0,47.23953549644952
2020-10-13 20:17:47.735470940,Fertilizadora,Fertilizacion,5,15.392260292215214,8.09112115065116,81.26447368959626,18.914333295988833,7.8603145181994325,Vegetativo,1.0,66.77694227451457
2020-10-18 23:13:49.659318636,Fertilizadora,Fertilizacion,4,18.9622320480531,6.041637850920539,81.74691926320354,25.570192946580217,8.820892277749904,Reproductivo,2.0,24.206809971079664
2020-10-24 02:09:51.583166332,Fertilizadora,Fertilizacion,4,13.46092072070177,5.327082951491786,81.97259859196426,37.65934135889965,8.756504969259085,Siembra,0.0,41.240558368476
2020-10-29 05:05:53.507014028,Fertilizadora,Fertilizacion,4,17.309710742203677,12.198027358260484,82.03411996073928,30.89650214795457,7.988804593089687,Reproductivo,2.0,30.988339185145378
2020-11-03 08:01:55.430861724,Fertilizadora,Fertilizacion,4,11.356148649045572,25.538425513679787,79.46016330556755,25.046128287734852,9.365395499370795,Reproductivo,2.0,32.06773711296526
2020-11-08 10:57:57.354709416,Fertilizadora,Fertilizacion,4,14.26678834701318,33.07615330173513,87.48483290315133,39.324288159113785,9.028151521572513,Siembra,0.0,27.548530827348376
2020-11-13 13:53:59.278557112,Fertilizadora,Fertilizacion,4,15.373181006645337,30.947578874446677,75.80475347237007,50.573862241435016,4.799476049307641,Vegetativo,1.0,15.693030331253173
2020-11-18 16:50:01.202404808,Fertilizadora,Fertilizacion,5,16.38283214443498,21.30359130702672,85.7551288779611,18.29246231416341,9.7400766479409,Siembra,0.0,65.1045697117459
2020-11-23 19:46:03.126252504,Fertilizadora,Fertilizacion,7,16.801713311038768,46.35386013135269,72.94488880935008,23.858173359322677,9.350453813907523,Siembra,0.0,49.015010717470645
2020-11-28 22:42:05.050100200,Fertilizadora,Fertilizacion,5,17.191039921134127,45.761148388625614,76.3607330781053,43.77080073278609,5.925563077047759,Reproductivo,2.0,6.870197780942344
2020-12-04 01:38:06.973947896,Fertilizadora,Fertilizacion,6,15.01219093001525,35.05162326027282,71.90982799993152,47.786732931719165,4.121106511642237,Vegetativo,1.0,10.701064223626043
2020-12-09 04:34:08.897795592,Fertilizadora,Fertilizacion,7,15.107322034923108,29.603088415680553,81.47433253660759,50.3968279454056,7.623855680549725,Madurez,3.0,6.459277982619442
2020-12-14 07:30:10.821643284,Fertilizadora,Fertilizacion,8,18.415380541680236,47.77011071231697,84.80376369498576,16.513217039336574,6.630505461198329,Vegetativo,1.0,76.33994980147116
2020-12-19 10:26:12.745490980,Fertilizadora,Fertilizacion,1,16.56554735988288,43.952977938213735,76.62168311005877,34.65968286844286,8.497399975516792,Reproductivo,2.0,8.541763691282746
2020-12-24 13:22:14.669338676,Fertilizadora,Fertilizacion,6,14.690345335772545,22.14872816038972,78.30516668742497,54.50061041889064,7.147598587051736,Reproductivo,2.0,7.926034863195453
2020-12-29 16:18:16.593186372,Fertilizadora,Fertilizacion,2,15.56214291082075,42.43574100415437,70.87068892247282,26.557275030032045,4.45894261150568,Reproductivo,2.0,24.14092985832035
2021-01-03 19:14:18.517034068,Fertilizadora,Fertilizacion,2,16.542050054802903,47.763726215999455,75.41342846222517,28.643569962185563,5.468124521528655,Madurez,3.0,10.411778677652954
2021-01-08 22:10:20.440881764,Fertilizadora,Fertilizacion,7,20.294938569051737,32.19445134555814,67.16444983485808,59.16526191453772,9.295142536759178,Reproductivo,2.0,4.392839087545346
2021-01-14 01:06:22.364729456,Fertilizadora,Fertilizacion,1,20.324530280961852,48.07865679256282,69.96285393794535,11.217895531787798,4.2261381742903,Reproductivo,2.0,33.39175097709231
2021-01-19 04:02:24.288577152,Fertilizadora,Fertilizacion,7,22.238080522383527,25.404940045585747,77.94499289017372,43.80810942038998,8.420018016389722,Reproductivo,2.0,17.900254431726967
2021-01-24 06:58:26.212424848,Fertilizadora,Fertilizacion,7,20.51113406397706,64.66969060087591,81.96160701598633,51.76012698724905,5.751661047708594,Vegetativo,1.0,10.945335220833133
2021-01-29 09:54:28.136272544,Fertilizadora,Fertilizacion,8,22.550799778914744,63.46263073789707,90.28547478572509,13.293643414870958,6.715838818254983,Reproductivo,2.0,33.1757248151904
2021-02-03 12:50:30.060120240,Fertilizadora,Fertilizacion,6,24.342527363383372,42.32174056240554,70.97486566739796,44.29492798039806,7.186032591469651,Madurez,3.0,0.0
2021-02-08 15:46:31.983967936,Fertilizadora,Fertilizacion,7,23.057525362629136,50.649396120283285,82.88971537332976,30.835602210574322,5.5004881438432065,Reproductivo,2.0,32.003847362439714
2021-02-13 18:42:33.907815632,Fertilizadora,Fertilizacion,1,25.516788980714516,11.366767967318957,78.02229730177429,51.90899865710538,7.911762657985976,Reproductivo,2.0,4.274223607260437
2021-02-18 21:38:35.831663324,Fertilizadora,Fertilizacion,8,23.825657472773223,28.305403007604482,74.88910176344275,54.909877425974834,8.160653308587257,Siembra,0.0,17.24672135247971
2021-02-24 00:34:37.755511024,Fertilizadora,Fertilizacion,2,25.39418226357847,39.4481433330265,76.95175145146234,52.98666967350154,4.51035687802465,Vegetativo,1.0,27.04387242903409
2021-03-01 03:30:39.679358720,Fertilizadora,Fertilizacion,3,26.094824174368338,27.613967430317004,75.42919304662547,8.541182566845702,6.243562455108524,Siembra,0.0,54.608795798311206
2021-03-06 06:26:41.603206408,Fertilizadora,Fertilizacion,2,25.02384974663223,51.550466255247144,74.17998964193227,46.62704022482358,8.466263807237748,Siembra,0.0,0.0
2021-03-11 09:22:43.527054104,Fertilizadora,Fertilizacion,4,29.41906475775251,68.30640435503587,68.18881600942375,55.68401662422062,8.32982535904679,Vegetativo,1.0,16.39822591519741
2021-03-16 12:18:45.450901800,Fertilizadora,Fertilizacion,6,27.97592346983805,22.546142639338253,66.41607741561653,39.174164236901206,7.267620063431435,Vegetativo,1.0,34.28116532989167
2021-03-21 15:14:47.374749496,Fertilizadora,Fertilizacion,3,29.65994772570394,25.857715349853848,64.68864985288282,38.04818332631696,8.666048679208085,Reproductivo,2.0,10.400747364654356
2021-03-26 18:10:49.298597192,Fertilizadora,Fertilizacion,7,31.272311622697934,39.34151410429059,76.22683910339984,7.475296306896105,4.645869358239059,Madurez,3.0,5.5845277869908925
2021-03-31 21:06:51.222444888,Fertilizadora,Fertilizacion,5,31.733297559786294,56.97484020973535,69.07515809678169,52.08181622132662,4.70926760706718,Madurez,3.0,0.0
2021-04-06 00:02:53.146292584,Fertilizadora,Fertilizacion,6,32.79207960328367,15.254159618846348,70.12590597140601,7.552195845603884,7.944935801778069,Vegetativo,1.0,102.89103976104948
2021-04-11 02:58:55.070140280,Fertilizadora,Fertilizacion,8,31.533303243282468,34.07507102841795,72.68837194291662,22.24302835115707,8.160003207370773,Vegetativo,1.0,68.01037390279383
2021-04-16 05:54:56.993987976,Fertilizadora,Fertilizacion,4,31.183154363279385,54.259201828148306,75.91475334409411,55.92246859079685,8.887161131926423,Reproductivo,2.0,13.657085204281053
2021-04-21 08:50:58.917835672,Fertilizadora,Fertilizacion,3,32.24347582996623,3.773641738850582,75.89507577856214,57.23598285012317,5.0862212666395425,Vegetativo,1.0,9.272209796796165
2021-04-26 11:47:00.841683368,Fertilizadora,Fertilizacion,8,28.948920363583262,7.079124384367365,71.76521830215066,59.554529726175744,7.100629956586631,Madurez,3.0,0.0
2021-05-01 14:43:02.765531064,Fertilizadora,Fertilizacion,5,29.65557317007208,17.19192653278762,82.00295300174545,31.202125708708742,7.964987782813495,Madurez,3.0,2.5446832771871164
2021-05-06 17:39:04.689378752,Fertilizadora,Fertilizacion,5,30.04209295653262,13.94899540301103,84.2444608508625,14.758625050955596,5.34219744297409,Reproductivo,2.0,39.98896413048896
2021-05-11 20:35:06.613226448,Fertilizadora,Fertilizacion,3,30.80471350591491,30.748891956267883,76.12577884836546,31.836946775599614,7.101567193563945,Siembra,0.0,39.8259098035664
2021-05-16 23:31:08.537074144,Fertilizadora,Fertilizacion,2,33.85825245814475,20.925164478724174,78.71757954941594,10.627210879567707,7.830670146343576,Reproductivo,2.0,46.692938663781646
2021-05-22 02:27:10.460921840,Fertilizadora,Fertilizacion,2,30.875226265469173,0.0,83.04543078796866,52.98948599334834,5.286697068866082,Madurez,3.0,0.0
2021-05-27 05:23:12.384769536,Fertilizadora,Fertilizacion,2,31.870254133796802,20.917074965767654,80.35264095433679,35.82954782965777,6.253380461500848,Siembra,0.0,29.992808386892456
2021-06-01 08:19:14.308617232,Fertilizadora,Fertilizacion,2,35.33110555481265,3.9837894271767382,77.40000496431716,27.24782445417154,5.2980328608142475,Siembra,0.0,43.30410115901815
2021-06-06 11:15:16.232464928,Fertilizadora,Fertilizacion,6,31.396970229012673,28.367809088411313,76.73171797522197,9.374188636444241,9.417657426571592,Reproductivo,2.0,36.62423432031611
2021-06-11 14:11:18.156312624,Fertilizadora,Fertilizacion,1,33.45074829648184,0.2951604368664622,77.78658870136104,27.288237224914674,5.420793291579951,Vegetativo,1.0,48.79722214438703
2021-06-16 17:07:20.080160320,Fertilizadora,Fertilizacion,6,29.363840135638643,0.0,69.5386299052442,52.64053846145599,4.725007755914782,Reproductivo,2.0,0.0
2021-06-21 20:03:22.004008016,Fertilizadora,Fertilizacion,8,30.5005777090438,14.109669652864111,78.80036317076305,43.6873262862467,4.210931869162862,Vegetativo,1.0,27.168057571787568
2021-06-26 22:59:23.927855712,Fertilizadora,Fertilizacion,7,28.345829340830512,16.13023655269265,67.05365697973458,9.53505346310316,4.269720834468101,Madurez,3.0,15.190277104516671
2021-07-02 01:55:25.851703408,Fertilizadora,Fertilizacion,4,29.007560742035594,10.602863214729146,70.63152795235888,13.794895984939672,5.149517409800902,Vegetativo,1.0,91.62937625554206
2021-07-07 04:51:27.775551104,Fertilizadora,Fertilizacion,1,30.986300077663323,0.0,83.37618537966635,26.576966988912755,7.649251067841714,Vegetativo,1.0,48.27664400911555
2021-07-12 07:47:29.699398792,Fertilizadora,Fertilizacion,7,24.683720773500067,10.465776097976958,81.964756617602,10.575629547725526,4.105899247066736,Siembra,0.0,53.359485814077516
2021-07-17 10:43:31.623246488,Fertilizadora,Fertilizacion,1,28.752609973037828,0.0,85.26097624755194,56.3722655596299,5.720463548542883,Siembra,0.0,1.6932818150832727
2021-07-22 13:39:33.547094184,Fertilizadora,Fertilizacion,6,27.604876223736156,5.452858580754606,74.67201833310821,40.87606245469817,4.3490013479397955,Siembra,0.0,29.044475682812564
2021-07-27 16:35:35.470941880,Fertilizadora,Fertilizacion,6,25.036922144632022,0.0,70.72358420171818,10.215265071716978,6.421952621795006,Madurez,3.0,5.535094443966567
2021-08-01 19:31:37.394789576,Fertilizadora,Fertilizacion,2,22.407588109123235,8.277936349527655,76.4524860714226,48.34316043092534,4.291460426979146,Vegetativo,1.0,17.48749350868063
2021-08-06 22:27:39.318637272,Fertilizadora,Fertilizacion,6,24.980715962026622,0.0,78.26893719673413,25.262326071456858,7.645250659724968,Siembra,0.0,29.65887037554993
2021-08-12 01:23:41.242484968,Fertilizadora,Fertilizacion,2,22.729365896540134,0.0,78.91865423425101,18.467885450427147,8.130545593114093,Vegetativo,1.0,77.22371830682084
2021-08-17 04:19:43.166332664,Fertilizadora,Fertilizacion,2,23.6334268901023,13.159017511656588,83.87766206007188,36.34917180668301,8.388025297862582,Reproductivo,2.0,17.364275058252314
2021-08-22 07:15:45.090180360,Fertilizadora,Fertilizacion,7,22.40339823544129,7.23257166738758,75.81258233418389,5.735467321629772,5.346060391877531,Madurez,3.0,5.401179008504802
2021-08-27 10:11:47.014028056,Fertilizadora,Fertilizacion,8,25.125181322743803,0.0,79.71839336785722,30.596871305734023,9.21100097177046,Madurez,3.0,3.7094597155844724
2021-09-01 13:07:48.937875752,Fertilizadora,Fertilizacion,3,20.338364714240484,25.974867594205616,71.27182004587175,51.40927462023433,8.141729003985558,Siembra,0.0,19.37884520613221
2021-09-06 16:03:50.861723448,Fertilizadora,Fertilizacion,8,17.9001110351662,0.6006588658145446,82.78881209668954,56.04316777920626,4.339901315798922,Madurez,3.0,0.0
2021-09-11 18:59:52.785571144,Fertilizadora,Fertilizacion,8,19.86152206142854,8.458121227772418,78.79046888139203,23.840508742904188,6.644600252208562,Vegetativo,1.0,57.19422885190879
2021-09-16 21:55:54.709418832,Fertilizadora,Fertilizacion,7,19.299932507610013,13.130455794607734,74.09570712906077,40.33401234907744,8.606538960234888,Madurez,3.0,13.904842587714246
2021-09-22 00:51:56.633266528,Fertilizadora,Fertilizacion,2,21.07573913438899,2.4606918656437315,77.41165978066324,17.475289110285846,5.865363560321379,Siembra,0.0,50.67184286147266
2021-09-27 03:47:58.557114224,Fertilizadora,Fertilizacion,3,19.361871732399518,19.31265035748708,76.97327838596988,35.811718904158994,6.289352643443589,Reproductivo,2.0,24.43271369268884
2021-10-02 06:44:00.480961920,Fertilizadora,Fertilizacion,6,17.79671967498262,6.912559742044087,77.99721255836998,18.971524938425397,7.777622963779257,Madurez,3.0,11.26652333311192
2021-10-07 09:40:02.404809616,Fertilizadora,Fertilizacion,8,19.769514942996278,10.353225552899303,89.28045917932546,36.42460797450991,4.332885280695387,Siembra,0.0,27.612264747828092
2021-10-12 12:36:04.328657312,Fertilizadora,Fertilizacion,7,13.528695022134983,36.986717834061224,78.11534330168058,14.444716451127702,9.801610243047504,Madurez,3.0,6.148842754901025
2021-10-17 15:32:06.252505008,Fertilizadora,Fertilizacion,4,14.38832925391105,5.180103584274548,79.48629981332515,56.76779062184089,5.046886063658367,Siembra,0.0,10.745881648672983
2021-10-22 18:28:08.176352704,Fertilizadora,Fertilizacion,2,13.469782523816312,0.0,69.10087037100344,53.78046120240104,4.160031997877562,Madurez,3.0,10.563458024080415
2021-10-27 21:24:10.100200400,Fertilizadora,Fertilizacion,8,14.425918964142852,46.05908004133072,72.30095784736669,23.53050371968619,4.031937892242522,Reproductivo,2.0,37.32753553901106
2021-11-02 00:20:12.024048096,Fertilizadora,Fertilizacion,3,12.070273189536076,61.46530140393605,75.67973972460936,47.71645889087184,6.397326249996374,Madurez,3.0,0.0
2021-11-07 03:16:13.947895792,Fertilizadora,Fertilizacion,3,16.41486806044583,21.97815461973689,74.78142775220515,10.2527271902707,9.305520192852267,Madurez,3.0,20.191961756711223
2021-11-12 06:12:15.871743488,Fertilizadora,Fertilizacion,8,14.513611377661263,2.3864054427824186,89.41956914266275,45.719849978798315,8.918572475307574,Vegetativo,1.0,22.66577999816217
2021-11-17 09:08:17.795591184,Fertilizadora,Fertilizacion,5,11.818216026904626,26.964895826309686,79.11680607210128,20.53525212869873,9.47227478949817,Vegetativo,1.0,63.68799495830946
2021-11-22 12:04:19.719438872,Fertilizadora,Fertilizacion,3,12.937347007421806,29.060024652346318,87.27779207112418,12.460297277172426,7.202693915973394,Reproductivo,2.0,35.93416821389524
2021-11-27 15:00:21.643286568,Fertilizadora,Fertilizacion,1,16.044255400934173,32.096648464404915,78.58700653682284,42.30051698469875,6.692477403250986,Siembra,0.0,27.66915510624856
2021-12-02 17:56:23.567134264,Fertilizadora,Fertilizacion,4,17.44522787068006,20.77706427637375,78.85537212168154,30.83937498006641,6.315165856640767,Vegetativo,1.0,55.96820912674236
2021-12-07 20:52:25.490981960,Fertilizadora,Fertilizacion,8,20.30307749915659,45.99585026829541,75.08147616755656,34.15767809517442,4.278508454747835,Siembra,0.0,28.50415783016803
2021-12-12 23:48:27.414829656,Fertilizadora,Fertilizacion,4,22.689498701586313,46.63995806901722,74.75025631865216,33.62913812758565,9.457127537830921,Madurez,3.0,11.895600416203976
2021-12-18 02:44:29.338677352,Fertilizadora,Fertilizacion,6,17.708262965270883,19.922857348897345,88.92104939254257,8.269639015831075,6.977056553708365,Siembra,0.0,61.955139493909385
2021-12-23 05:40:31.262525048,Fertilizadora,Fertilizacion,3,15.109706678332499,51.786710100600686,63.05100149402826,7.825913700097236,6.730404586309061,Vegetativo,1.0,87.44934847654875
2021-12-28 08:36:33.186372744,Fertilizadora,Fertilizacion,7,13.135952075108229,71.7558971016133,64.05267053895098,38.06421271714533,7.091004922084704,Vegetativo,1.0,33.300623162276366
2022-01-02 11:32:35.110220440,Fertilizadora,Fertilizacion,7,19.031218988232872,46.34566583101989,72.77239510130022,39.31255532954791,8.764927108685203,Vegetativo,1.0,40.05594289655078
2022-01-07 14:28:37.034068136,Fertilizadora,Fertilizacion,5,17.282453582797793,39.940784129592494,77.24304580727879,7.594600608331303,5.346826515895383,Madurez,3.0,9.610866410909956
2022-01-12 17:24:38.957915832,Fertilizadora,Fertilizacion,7,18.822251487199875,43.24763172835017,80.4930279897961,25.814163253829978,8.25940407396954,Madurez,3.0,0.0
2022-01-17 20:20:40.881763528,Fertilizadora,Fertilizacion,5,19.086063681573886,54.26460529653664,78.21723247589107,38.706820375823504,8.264618445124198,Reproductivo,2.0,23.593793715651188
2022-01-22 23:16:42.805611224,Fertilizadora,Fertilizacion,4,20.845950963040867,21.676864627249394,75.06429251547233,41.117436066419195,9.097316693549097,Madurez,3.0,0.0
2022-01-28 02:12:44.729458912,Fertilizadora,Fertilizacion,6,24.39574163368634,48.30016976011893,80.11173900685084,50.555166760210334,4.05210159078322,Siembra,0.0,24.099144570820535
2022-02-02 05:08:46.653306608,Fertilizadora,Fertilizacion,7,23.15809879209383,40.4303345663759,81.24141107637347,28.14027559782845,5.022373259410792,Madurez,3.0,0.0
2022-02-07 08:04:48.577154304,Fertilizadora,Fertilizacion,7,23.234381250903283,71.50261522602041,73.65210433173162,35.154177963083285,6.826281112268533,Siembra,0.0,27.93567550842871
2022-02-12 11:00:50.501002000,Fertilizadora,Fertilizacion,2,22.07880589073146,42.77093735420459,81.02668838482867,36.82082065848495,9.103242324768871,Siembra,0.0,21.831550850415063
2022-02-17 13:56:52.424849696,Fertilizadora,Fertilizacion,6,21.44416662969782,67.97926086912769,75.09207239066833,22.162490581517545,9.790701169767903,Siembra,0.0,36.778238352962035
2022-02-22 16:52:54.348697392,Fertilizadora,Fertilizacion,1,24.82147330484704,28.44342343236194,72.06811230801728,7.960397134288638,7.5692116880764075,Siembra,0.0,57.30374211517155
2022-02-27 19:48:56.272545088,Fertilizadora,Fertilizacion,5,26.52192694142449,51.23728038392325,77.2052441737876,5.232425941280756,5.272803852538121,Madurez,3.0,24.896173229805484
2022-03-04 22:44:58.196392784,Fertilizadora,Fertilizacion,5,31.259071468356286,46.4665218940948,72.40568197001978,50.98689788651887,5.107508174947874,Vegetativo,1.0,17.432554314329817
2022-03-10 01:41:00.120240480,Fertilizadora,Fertilizacion,3,28.498134403491065,28.428489617938105,74.15941286987001,16.01275023873125,7.836663723917605,Madurez,3.0,2.295804809127354
2022-03-15 04:37:02.044088176,Fertilizadora,Fertilizacion,8,31.04126873974983,41.77660438296145,81.0311490235881,39.66400652875245,5.260414882356428,Vegetativo,1.0,21.52824000387458
2022-03-20 07:33:03.967935872,Fertilizadora,Fertilizacion,8,28.412428062585434,54.85316057431802,57.362164560909136,36.73761132541558,7.318524543525317,Siembra,0.0,13.757826874838528
2022-03-25 10:29:05.891783568,Fertilizadora,Fertilizacion,1,27.49489384115005,31.82704450467577,65.72451857426601,26.979819220728544,9.008871574863413,Vegetativo,1.0,54.12631085920593
2022-03-30 13:25:07.815631264,Fertilizadora,Fertilizacion,2,28.52429140948257,11.063497866708683,68.40899561909819,50.84213197853486,6.3389178907725405,Siembra,0.0,5.956934208361209
2022-04-04 16:21:09.739478952,Fertilizadora,Fertilizacion,2,29.548680290416076,32.81645437482643,71.25308166295544,43.412087763135844,6.270833138451575,Vegetativo,1.0,27.786979070355112
2022-04-09 19:17:11.663326648,Fertilizadora,Fertilizacion,8,36.27061973524085,18.672767018054245,70.6838127126252,6.250780489154511,4.216842021346443,Reproductivo,2.0,23.95474247921017
2022-04-14 22:13:13.587174352,Fertilizadora,Fertilizacion,5,30.1686423559987,24.704251407209284,64.82068117618545,47.71817403461766,5.524507470547329,Madurez,3.0,1.7134587189366668
2022-04-20 01:09:15.511022048,Fertilizadora,Fertilizacion,6,34.20755719687131,26.130748576678034,66.42594690109584,32.88493499009692,8.189148757715646,Reproductivo,2.0,29.579410573138777
2022-04-25 04:05:17.434869744,Fertilizadora,Fertilizacion,7,30.63124858148765,1.5128446162095024,70.39298535604114,24.08606089955658,6.162347470793179,Siembra,0.0,55.31377122278863
2022-04-30 07:01:19.358717440,Fertilizadora,Fertilizacion,7,34.858241333509845,0.8814655716735409,88.87364283999302,44.97865610814228,4.9497935037395315,Reproductivo,2.0,0.0
2022-05-05 09:57:21.282565120,Fertilizadora,Fertilizacion,1,33.7816372239111,28.362016418891645,83.11791734460267,42.73360963054482,4.634606402561962,Reproductivo,2.0,7.2644640784993095
2022-05-10 12:53:23.206412816,Fertilizadora,Fertilizacion,2,32.65004685744045,12.425065121414798,71.50798188407477,22.0823530827922,4.570320268904253,Siembra,0.0,37.84150850169309
2022-05-15 15:49:25.130260512,Fertilizadora,Fertilizacion,4,32.89837563902614,0.0,72.70406878450005,59.067137932383474,7.954800598707371,Madurez,3.0,1.3996349394498007
2022-05-20 18:45:27.054108208,Fertilizadora,Fertilizacion,3,31.474469836588625,27.099048415650103,66.3207877008122,40.678966769146435,7.675728872761292,Madurez,3.0,0.0
2022-05-25 21:41:28.977955904,Fertilizadora,Fertilizacion,6,33.75739788574229,18.189319871563427,61.680982670913515,38.31788418496415,7.11112603361251,Reproductivo,2.0,30.57797798977891
2022-05-31 00:37:30.901803600,Fertilizadora,Fertilizacion,2,31.52279387964133,2.394805913387634,74.47415655060337,8.843419991497463,7.001958688954836,Vegetativo,1.0,90.59557643294228
2022-06-05 03:33:32.825651296,Fertilizadora,Fertilizacion,3,29.54774316691968,0.0,70.07117799211396,20.36253291896056,4.91882111612723,Vegetativo,1.0,69.04618315736492
2022-06-10 06:29:34.749498992,Fertilizadora,Fertilizacion,2,29.091978715278394,21.063035242857897,74.02366144025189,29.58357012795428,7.003625348560524,Vegetativo,1.0,66.59014304023682
2022-06-15 09:25:36.673346688,Fertilizadora,Fertilizacion,2,31.884066039492083,12.895896079446228,64.60767010556123,39.6844137370322,4.359626659602279,Siembra,0.0,23.952587431361813
2022-06-20 12:21:38.597194384,Fertilizadora,Fertilizacion,2,34.52382086123805,40.12294151294953,66.53498062766917,33.20199969017078,9.555150751616127,Vegetativo,1.0,50.700516540274194
2022-06-25 15:17:40.521042080,Fertilizadora,Fertilizacion,2,30.895126103893286,11.538088368314504,75.55542136598918,46.96681134092652,4.348165324015641,Siembra,0.0,9.554177041135823
2022-06-30 18:13:42.444889776,Fertilizadora,Fertilizacion,5,29.727087791945888,10.107861294915125,77.38414795592935,19.441224185734605,6.541181169363512,Siembra,0.0,36.80148367861171
2022-07-05 21:09:44.368737472,Fertilizadora,Fertilizacion,4,30.017584064344053,1.5104383979401015,78.27784225809647,43.618634740536635,4.003426338419033,Reproductivo,2.0,8.102393514585096
2022-07-11 00:05:46.292585168,Fertilizadora,Fertilizacion,4,31.490599377760255,14.480328744561035,66.2969300132768,49.91283757901394,8.716902632699467,Siembra,0.0,29.60951924046853
2022-07-16 03:01:48.216432864,Fertilizadora,Fertilizacion,4,28.419320553103475,11.298440080761239,80.67747698076626,47.07774865706243,4.99702113121378,Vegetativo,1.0,28.210317437685497
2022-07-21 05:57:50.140280560,Fertilizadora,Fertilizacion,6,26.32281671217361,19.731789502158563,70.80720081095544,47.39656215234184,9.549496106930068,Vegetativo,1.0,24.782910864062874
2022-07-26 08:53:52.064128256,Fertilizadora,Fertilizacion,7,28.927011507593175,0.0,80.07269345998623,53.867888149419095,4.263866487163387,Siembra,0.0,0.0
2022-07-31 11:49:53.987975952,Fertilizadora,Fertilizacion,5,26.684326874385597,0.0,76.99665353425588,9.629819836426922,8.924724007386562,Madurez,3.0,17.164146955826894
2022-08-05 14:45:55.911823648,Fertilizadora,Fertilizacion,6,28.354739666144035,0.0,68.21751612238191,43.345536425575666,7.939826876893529,Madurez,3.0,0.0
2022-08-10 17:41:57.835671344,Fertilizadora,Fertilizacion,6,24.606989373932947,13.538845941444237,74.8072598163208,58.27730106140535,5.498414313315343,Reproductivo,2.0,0.0
2022-08-15 20:37:59.759519040,Fertilizadora,Fertilizacion,6,20.736331525944514,23.912058604939283,79.42150172990688,36.550785743099595,5.2145176553835695,Reproductivo,2.0,14.027111801566663
2022-08-20 23:34:01.683366736,Fertilizadora,Fertilizacion,2,19.650716042140548,0.0,83.2000416680984,16.952397159141594,6.146067600262134,Siembra,0.0,66.31335511585216
2022-08-26 02:30:03.607214432,Fertilizadora,Fertilizacion,8,25.382878331203955,0.0,76.67006519941211,59.93145931758171,8.97041729905213,Madurez,3.0,15.248474708271832
2022-08-31 05:26:05.531062128,Fertilizadora,Fertilizacion,2,24.802593478560773,9.849186480985825,86.12183070763118,14.60725110518134,9.171739290012734,Madurez,3.0,5.2936460245446675
2022-09-05 08:22:07.454909824,Fertilizadora,Fertilizacion,4,19.897381364932603,3.0963776731801205,85.23327093433853,23.45567335561726,5.051712277145954,Vegetativo,1.0,59.209299859842254
2022-09-10 11:18:09.378757504,Fertilizadora,Fertilizacion,6,18.758519066139176,21.07983598154932,76.60820674992881,14.463420362944229,6.120688238105984,Reproductivo,2.0,22.60345745666276
2022-09-15 14:14:11.302605200,Fertilizadora,Fertilizacion,4,22.158436342419403,0.0,83.14527815297487,30.548207781253755,5.424948303413523,Madurez,3.0,6.419300702875572
2022-09-20 17:10:13.226452896,Fertilizadora,Fertilizacion,2,15.886873266581052,0.0,92.44235526782576,28.038180528602705,4.735857085827387,Reproductivo,2.0,26.434142867832364
2022-09-25 20:06:15.150300592,Fertilizadora,Fertilizacion,8,15.77506686333145,1.119942638216095,92.55203879147486,32.01824930808151,7.878696325173568,Siembra,0.0,39.36683083947618
2022-09-30 23:02:17.074148288,Fertilizadora,Fertilizacion,1,18.626135628353516,0.0,72.51285324514129,56.03908700304863,6.075226139413212,Vegetativo,1.0,14.704661160785372
2022-10-06 01:58:18.997995984,Fertilizadora,Fertilizacion,2,15.77008531093875,2.273089432814107,75.1394243196034,31.30784122088238,5.3523042686580045,Siembra,0.0,32.302182926606825
2022-10-11 04:54:20.921843680,Fertilizadora,Fertilizacion,8,16.209403974243088,4.734791435397264,89.25743801458624,33.304447941750425,9.195986641011856,Vegetativo,1.0,51.766515604839086
2022-10-16 07:50:22.845691376,Fertilizadora,Fertilizacion,6,15.501069857979482,16.562171882412066,73.2999654940884,53.767515825515744,8.489907585421399,Madurez,3.0,0.0
2022-10-21 10:46:24.769539072,Fertilizadora,Fertilizacion,1,16.303458924516825,36.823995072499706,69.81262297086906,49.97668967081577,8.642566892178055,Siembra,0.0,16.335345848387302
2022-10-26 13:42:26.693386768,Fertilizadora,Fertilizacion,7,18.419801166560944,19.69684686346896,75.46015705843186,18.18471171739943,4.2351753470996805,Madurez,3.0,4.148080005690019
2022-10-31 16:38:28.617234464,Fertilizadora,Fertilizacion,8,15.349325114347886,10.587976688630798,82.7020583317353,5.710927537586762,9.490782695386397,Vegetativo,1.0,99.42058904380511
2022-11-05 19:34:30.541082160,Fertilizadora,Fertilizacion,1,16.45883332304695,26.106141259424742,77.93653679651301,39.62247757111281,7.448430267845412,Vegetativo,1.0,39.25816120951434
2022-11-10 22:30:32.464929856,Fertilizadora,Fertilizacion,4,10.49014896746791,43.454604465560664,75.34869778170783,51.4667403110636,7.022816828107112,Reproductivo,2.0,7.414193227168401
2022-11-16 01:26:34.388777552,Fertilizadora,Fertilizacion,4,14.931201021664048,17.290243107021283,75.74558542350883,35.40675619357201,4.0635120761666865,Siembra,0.0,35.442145495151834
2022-11-21 04:22:36.312625248,Fertilizadora,Fertilizacion,2,13.287731510610673,19.9729569438897,75.87743502929884,16.614730600706483,9.385973262604628,Siembra,0.0,38.50930512264418
2022-11-26 07:18:38.236472944,Fertilizadora,Fertilizacion,2,12.631391617808337,42.24355056566967,73.32247111655985,45.774529987141875,7.2633428229160035,Vegetativo,1.0,16.913968871332898
2022-12-01 10:14:40.160320640,Fertilizadora,Fertilizacion,2,13.615016562916207,32.948150227229576,92.68868944845734,41.82466054361985,8.950920774043212,Siembra,0.0,19.41640227189677
2022-12-06 13:10:42.084168336,Fertilizadora,Fertilizacion,2,15.108549441773313,46.65114279966462,79.1649826985195,36.076789557470406,7.933065764429762,Madurez,3.0,0.0
2022-12-11 16:06:44.008016032,Fertilizadora,Fertilizacion,4,18.215580235998125,38.83155225846687,82.23857706315174,52.4834895711541,8.780161681065282,Reproductivo,2.0,2.815783682299655
2022-12-16 19:02:45.931863728,Fertilizadora,Fertilizacion,4,13.697169392233777,50.17107861074426,74.6578396151451,48.133329411646805,8.157590491346815,Madurez,3.0,0.0
2022-12-21 21:58:47.855711424,Fertilizadora,Fertilizacion,2,17.15186083863812,27.06100636220083,77.1162281343843,41.73736502825292,9.52578341401496,Madurez,3.0,14.090639528883607
2022-12-27 00:54:49.779559120,Fertilizadora,Fertilizacion,3,16.64954416967062,42.656074161535614,72.8788497194703,41.56172679627701,5.352905118037298,Vegetativo,1.0,33.967037835399964
2023-01-01 03:50:51.703406816,Fertilizadora,Fertilizacion,2,17.600426277074778,40.825657265338414,61.063548212281546,41.421144886405116,5.212600628397443,Madurez,3.0,11.910268771721402
2023-01-06 06:46:53.627254512,Fertilizadora,Fertilizacion,7,21.148188861389517,27.50790688957719,68.52944568626029,33.884060970411014,8.275249371670732,Siembra,0.0,33.280778911453126
2023-01-11 09:42:55.551102208,Fertilizadora,Fertilizacion,2,20.78418571723221,23.24495904504819,66.40222619548251,30.515690455411583,7.008368803500813,Vegetativo,1.0,47.92722382543055
2023-01-16 12:38:57.474949904,Fertilizadora,Fertilizacion,8,23.23334675858395,55.18115512947592,60.355133556427894,44.02802527242958,7.59496702200922,Reproductivo,2.0,13.735696413714537
2023-01-21 15:34:59.398797584,Fertilizadora,Fertilizacion,5,20.669319653370515,40.95479639620699,68.71720056383515,38.57719648086271,8.251254815147362,Vegetativo,1.0,43.90002959207774
2023-01-26 18:31:01.322645280,Fertilizadora,Fertilizacion,7,20.218431943846817,31.681984356172972,84.73872414744956,31.94893092652987,7.284569182000015,Reproductivo,2.0,31.634866153084864
2023-01-31 21:27:03.246492976,Fertilizadora,Fertilizacion,6,22.013928919687718,44.610569227791174,74.85966233365987,11.96637446510729,8.726160685997177,Madurez,3.0,8.360031891887987
2023-02-06 00:23:05.170340672,Fertilizadora,Fertilizacion,3,23.962284260744266,61.49095712963626,80.83730651229565,43.60608337592411,5.913204135615115,Vegetativo,1.0,16.058837268964048
2023-02-11 03:19:07.094188368,Fertilizadora,Fertilizacion,5,24.590960510115856,13.376429741667991,79.18894490353127,40.5299213817881,9.153942661598153,Vegetativo,1.0,20.895168660121076
2023-02-16 06:15:09.018036064,Fertilizadora,Fertilizacion,3,22.589055981897157,23.80435231298372,81.28483517558824,23.823663428542698,4.646058117553604,Reproductivo,2.0,25.814063309039117
2023-02-21 09:11:10.941883760,Fertilizadora,Fertilizacion,1,25.938791339041703,31.13394861205843,69.42532517054327,24.597774141829223,7.804023861767121,Madurez,3.0,0.0
2023-02-26 12:07:12.865731456,Fertilizadora,Fertilizacion,3,26.993957607143916,63.65965536048095,75.00304813381719,18.569731127438875,9.340795045160785,Madurez,3.0,22.491693572103443
2023-03-03 15:03:14.789579152,Fertilizadora,Fertilizacion,3,32.76401603097,46.1661824402093,75.61158519838983,57.905339100076034,5.516164767410228,Madurez,3.0,5.2358801427424195
2023-03-08 17:59:16.713426848,Fertilizadora,Fertilizacion,2,32.06450080570003,51.82458367324604,67.57157427074316,52.311074957779745,5.961008049543477,Siembra,0.0,4.22243871977599
2023-03-13 20:55:18.637274544,Fertilizadora,Fertilizacion,1,26.73908000921742,23.865769823661545,78.48930263457798,35.85769661767192,5.832650670956434,Siembra,0.0,19.68104670160973
2023-03-18 23:51:20.561122240,Fertilizadora,Fertilizacion,8,28.63061460170021,22.78337594395181,77.95374136533778,27.090923060718282,7.385582270650202,Reproductivo,2.0,34.10185444468612
2023-03-24 02:47:22.484969936,Fertilizadora,Fertilizacion,5,26.767493265439963,42.940754254704274,70.29880128993918,45.52538950330328,6.477230893390891,Vegetativo,1.0,16.961442921029107
2023-03-29 05:43:24.408817632,Fertilizadora,Fertilizacion,4,29.24264505306077,35.895395026070574,66.55683203571712,34.02504968692985,4.647755709969414,Reproductivo,2.0,12.322468799623817
2023-04-03 08:39:26.332665328,Fertilizadora,Fertilizacion,8,31.743296384444342,41.088173069264855,64.89802242851366,58.67180686533127,9.34772333053876,Madurez,3.0,0.0
2023-04-08 11:35:28.256513024,Fertilizadora,Fertilizacion,2,34.1564915349277,29.035168709896045,72.64144771751239,8.0317437657185,5.228059774952045,Reproductivo,2.0,41.65576084357169
2023-04-13 14:31:30.180360720,Fertilizadora,Fertilizacion,4,30.298799165341766,33.75665438448593,75.0569471541074,6.885715372941132,7.204480065931178,Vegetativo,1.0,98.64954777820192
2023-04-18 17:27:32.104208416,Fertilizadora,Fertilizacion,7,30.804402053022386,30.233043443406416,68.44466082322218,36.273605988535536,7.568829375623569,Madurez,3.0,14.219980115620253
2023-04-23 20:23:34.028056112,Fertilizadora,Fertilizacion,6,27.79928026775846,37.035136384511205,73.86695304348024,16.180357247889873,4.24451106188525,Vegetativo,1.0,85.73084216606131
2023-04-28 23:19:35.951903808,Fertilizadora,Fertilizacion,4,32.382225670774034,35.55565615771611,75.6449907394427,38.236728995260584,4.574273965926023,Reproductivo,2.0,17.189362721812177
2023-05-04 02:15:37.875751504,Fertilizadora,Fertilizacion,3,30.57750245233218,0.0,79.40701842967555,47.97826657009475,9.83013826257731,Siembra,0.0,22.541336399396076
2023-05-09 05:11:39.799599200,Fertilizadora,Fertilizacion,1,31.823215536019223,0.0,84.5731552831282,12.596036865168006,7.987074040896294,Reproductivo,2.0,31.81491599759557
2023-05-14 08:07:41.723446896,Fertilizadora,Fertilizacion,1,31.06560381218159,32.29360350136329,80.60543537881564,29.233452330424036,4.201391062278562,Vegetativo,1.0,39.895961788944454
2023-05-19 11:03:43.647294592,Fertilizadora,Fertilizacion,2,32.7275326334926,33.0938187380534,66.29010948269406,42.87668958971454,8.765195323917993,Siembra,0.0,14.976957102706201
2023-05-24 13:59:45.571142288,Fertilizadora,Fertilizacion,7,28.94206004000701,0.4291499320458705,86.33746424866202,50.862496387013415,7.051256855664914,Siembra,0.0,4.552527609340273
2023-05-29 16:55:47.494989984,Fertilizadora,Fertilizacion,6,29.390585187194812,0.0,72.92743615714753,32.29892495199965,4.451197432470853,Reproductivo,2.0,16.758763627284353
2023-06-03 19:51:49.418837664,Fertilizadora,Fertilizacion,4,37.047732576408805,12.82706713839934,78.67636510191154,16.338447279831186,8.084512588286747,Siembra,0.0,43.72075134501867
2023-06-08 22:47:51.342685360,Fertilizadora,Fertilizacion,7,29.21452853055619,22.96704822325696,74.7454709127513,37.218959057209815,6.996110835210811,Siembra,0.0,23.276673778783096
2023-06-14 01:43:53.266533056,Fertilizadora,Fertilizacion,2,29.175797272154107,33.433506237115665,71.04089418503501,29.998438779874974,5.229518806665539,Siembra,0.0,40.37369683665118
2023-06-19 04:39:55.190380752,Fertilizadora,Fertilizacion,2,35.186223465037045,14.232457685647383,62.10004401373564,47.45589848524672,9.266213632532917,Siembra,0.0,28.71038808991818
2023-06-24 07:35:57.114228448,Fertilizadora,Fertilizacion,4,37.03962279701594,0.6630248682318385,72.35370297028777,35.55668353116214,5.748279149801525,Vegetativo,1.0,29.56284735327266
2023-06-29 10:31:59.038076144,Fertilizadora,Fertilizacion,8,27.525334098240286,0.0,67.40983365378224,20.368256473373695,5.707339812719846,Vegetativo,1.0,59.719431618557614
2023-07-04 13:28:00.961923840,Fertilizadora,Fertilizacion,5,28.701817573362785,4.162526585583536,81.82515713753298,46.49161058466535,5.636641490753672,Reproductivo,2.0,4.4127953383732015
2023-07-09 16:24:02.885771536,Fertilizadora,Fertilizacion,7,29.631819235015296,0.0,85.12961921058013,33.47608571290778,8.604734662534307,Reproductivo,2.0,27.022409827662187
2023-07-14 19:20:04.809619232,Fertilizadora,Fertilizacion,2,32.015880248857364,0.0,70.41297597711977,14.765060375308012,8.236712022283193,Reproductivo,2.0,33.85149502771287
2023-07-19 22:16:06.733466928,Fertilizadora,Fertilizacion,7,25.34286122901365,31.006841048603427,76.86127574107257,35.968977772809694,9.418874112822145,Madurez,3.0,0.0
2023-07-25 01:12:08.657314624,Fertilizadora,Fertilizacion,1,26.101951611693245,27.044238203059574,70.74842874761474,57.15760329152301,5.3760353175056785,Siembra,0.0,9.3712007069177
2023-07-30 04:08:10.581162320,Fertilizadora,Fertilizacion,2,27.60283748963128,17.907982227114964,71.53545991963911,43.803394351575484,8.71818757325685,Reproductivo,2.0,20.492296200744374
2023-08-04 07:04:12.505010016,Fertilizadora,Fertilizacion,5,26.086318449541043,0.0,81.91675676585287,21.43418488018884,7.438273459168576,Siembra,0.0,45.283656511146276
2023-08-09 10:00:14.428857712,Fertilizadora,Fertilizacion,1,23.531074543486405,14.363467535158744,76.78381693590659,44.098024641107195,5.852077657916007,Madurez,3.0,0.0
2023-08-14 12:56:16.352705408,Fertilizadora,Fertilizacion,7,23.290340742396097,11.783560274093588,87.74358416981995,20.543347105119842,4.212724794446504,Vegetativo,1.0,71.87626111293223
2023-08-19 15:52:18.276553104,Fertilizadora,Fertilizacion,7,19.789184001882187,9.61655268832005,75.8110665120581,34.8478860647694,8.91368529910666,Vegetativo,1.0,42.74341303324354
2023-08-24 18:48:20.200400800,Fertilizadora,Fertilizacion,5,21.52794511426436,21.660503079525583,83.12839695849237,33.9627670083154,5.446428229080138,Siembra,0.0,28.847189146343567
2023-08-29 21:44:22.124248496,Fertilizadora,Fertilizacion,3,20.718250567147038,13.951309896963128,78.61698798748817,18.6064983401492,7.790458217289517,Reproductivo,2.0,28.39555121010643
2023-09-04 00:40:24.048096192,Fertilizadora,Fertilizacion,1,20.944712667639553,16.6696514583998,82.51044650811956,24.13346599338999,7.293207616358876,Vegetativo,1.0,70.81323190471169
2023-09-09 03:36:25.971943888,Fertilizadora,Fertilizacion,5,18.5155283770408,16.415052165629767,75.92341495080566,56.81998001323251,4.0266972318807035,Madurez,3.0,2.67110112409339
2023-09-14 06:32:27.895791584,Fertilizadora,Fertilizacion,5,20.109459116747086,13.580361212294104,77.9779073868455,18.78291950284885,9.966061779638576,Siembra,0.0,56.82132373314016
2023-09-19 09:28:29.819639280,Fertilizadora,Fertilizacion,7,20.671310015443513,0.0,78.47204821880116,49.056487399704224,8.885976134800773,Vegetativo,1.0,30.364072521878498
2023-09-24 12:24:31.743486976,Fertilizadora,Fertilizacion,5,18.197623925095577,12.9282273614552,73.98023074822542,41.7053819006677,6.918827623820093,Madurez,3.0,7.291252096362301
2023-09-29 15:20:33.667334672,Fertilizadora,Fertilizacion,2,18.087315877402144,5.586380364172274,83.59501822126597,34.29460228891705,8.082048221454299,Madurez,3.0,1.0126910506393347
2023-10-04 18:16:35.591182368,Fertilizadora,Fertilizacion,1,16.937603078403814,0.0,84.37333295602885,12.56331782058399,6.859565419544635,Madurez,3.0,17.624718298803778
2023-10-09 21:12:37.515030048,Fertilizadora,Fertilizacion,7,16.38113713197829,40.372757524891696,80.99810957124966,16.251391398850778,8.467517627672384,Reproductivo,2.0,38.05705399136074
2023-10-15 00:08:39.438877744,Fertilizadora,Fertilizacion,2,14.340486736032648,43.214268375867476,87.14548209582505,14.843769297472216,4.8059712749133645,Madurez,3.0,29.684362617513408
2023-10-20 03:04:41.362725440,Fertilizadora,Fertilizacion,8,16.312124911648926,39.896518829404,86.19510358198836,37.27368424355638,6.678105971404182,Siembra,0.0,29.382345039352792
2023-10-25 06:00:43.286573136,Fertilizadora,Fertilizacion,1,15.151718658717229,26.322675813889084,76.74141626524303,58.53607581951629,6.01322306243716,Madurez,3.0,5.918924943366368
2023-10-30 08:56:45.210420832,Fertilizadora,Fertilizacion,6,19.78446864174973,43.54994143683054,78.22975457104623,53.24815945262471,6.757931460964209,Reproductivo,2.0,7.797648421558495
2023-11-04 11:52:47.134268528,Fertilizadora,Fertilizacion,8,18.519842932045876,26.696695385234342,74.04071520741591,6.388853561126749,6.702835917162185,Vegetativo,1.0,93.76237200981203
2023-11-09 14:48:49.058116224,Fertilizadora,Fertilizacion,4,15.852397828606188,31.235183379336046,78.49297798632828,20.05496434542906,4.858563698675166,Siembra,0.0,44.97709181550374
2023-11-14 17:44:50.981963920,Fertilizadora,Fertilizacion,1,13.336398402085836,14.922990868248652,76.93992459509688,13.649160241536219,9.858931424254173,Reproductivo,2.0,38.7154274331078
2023-11-19 20:40:52.905811616,Fertilizadora,Fertilizacion,8,12.645837777081049,37.578963454026464,88.68806155651582,58.66228130438459,4.092952856728768,Siembra,0.0,6.046269384737114
2023-11-24 23:36:54.829659312,Fertilizadora,Fertilizacion,2,17.857529332289992,34.596679233015045,79.56431929711508,17.958562902879827,4.0604376689043935,Reproductivo,2.0,42.23524579714663
2023-11-30 02:32:56.753507008,Fertilizadora,Fertilizacion,5,16.073103807297876,17.494119508933846,78.0667093381045,16.072225177133667,6.240647911201947,Siembra,0.0,54.17803350553999
2023-12-05 05:28:58.677354704,Fertilizadora,Fertilizacion,8,16.835701576423357,36.5699399987487,84.74362067949018,39.148141147024255,7.722258096080905,Vegetativo,1.0,33.359497628104975
2023-12-10 08:25:00.601202400,Fertilizadora,Fertilizacion,6,12.286406807441931,37.62770054699121,66.06584911486355,35.59026209661326,5.077919360889569,Siembra,0.0,26.256293870526868
2023-12-15 11:21:02.525050096,Fertilizadora,Fertilizacion,1,18.568198262342495,65.25797615372474,62.59587694669041,17.421831607967917,7.1991640234249665,Vegetativo,1.0,64.60878872932528
2023-12-20 14:17:04.448897792,Fertilizadora,Fertilizacion,7,17.986141618694035,53.840334312596006,80.57265561976806,41.870067549548324,8.336631807780872,Vegetativo,1.0,45.57534094365558
2023-12-25 17:13:06.372745488,Fertilizadora,Fertilizacion,2,15.053907741404123,42.58274593948091,78.08732330405431,10.335396621207902,4.564363654240907,Siembra,0.0,54.08992954137623
2023-12-30 20:09:08.296593184,Fertilizadora,Fertilizacion,6,17.01802020523852,46.870486925151205,78.19673177571897,6.065298631699069,9.9065344480956,Madurez,3.0,18.308745863981315
2024-01-04 23:05:10.220440880,Fertilizadora,Fertilizacion,5,19.26922259630369,44.86525531014067,68.10817504657116,9.532813488849076,6.020203886435766,Madurez,3.0,12.105463645274078
2024-01-10 02:01:12.144288576,Fertilizadora,Fertilizacion,3,19.581354941053,42.18457432609051,76.03235755944202,25.067752428667493,7.854492482723494,Vegetativo,1.0,64.20354787893821
2024-01-15 04:57:14.068136272,Fertilizadora,Fertilizacion,4,19.50778612793159,30.34995988179965,89.16533452708802,58.62589803311496,4.664319149119454,Siembra,0.0,0.9798487954330497
2024-01-20 07:53:15.991983968,Fertilizadora,Fertilizacion,1,20.635984208862887,43.70879497225331,80.6258996478929,35.09858493451502,8.25691833232796,Madurez,3.0,0.0
2024-01-25 10:49:17.915831664,Fertilizadora,Fertilizacion,8,21.045592447877638,35.53637353344481,77.20937203142411,46.50993566585069,9.042738082374916,Reproductivo,2.0,2.9817886409381593
2024-01-30 13:45:19.839679360,Fertilizadora,Fertilizacion,2,22.689609371204206,28.47303684213556,73.54647031207806,22.682266372735764,4.631710853983734,Reproductivo,2.0,43.143377003943115
2024-02-04 16:41:21.763527056,Fertilizadora,Fertilizacion,3,26.35745329980096,52.96777419711779,70.57003229808389,44.563648601583104,4.755178926220397,Reproductivo,2.0,13.159864385700663
2024-02-09 19:37:23.687374752,Fertilizadora,Fertilizacion,5,18.246226541638606,50.96033071824627,63.16180691776668,58.13996589672966,5.686284486323366,Siembra,0.0,11.490114366683772
2024-02-14 22:33:25.611222448,Fertilizadora,Fertilizacion,6,24.145300712756214,19.98184468147261,77.89643970154448,24.67684896551293,4.071614892251976,Vegetativo,1.0,73.53898431122121
2024-02-20 01:29:27.535070128,Fertilizadora,Fertilizacion,5,25.975889451823292,42.48940506353042,78.98218493767054,59.94826891042638,9.91630776602338,Siembra,0.0,0.0
2024-02-25 04:25:29.458917824,Fertilizadora,Fertilizacion,5,26.99391140569577,57.32478728531058,62.91243206215794,40.11254730674163,7.590304449715898,Reproductivo,2.0,19.108080892401794
2024-03-01 07:21:31.382765520,Fertilizadora,Fertilizacion,5,26.262354060414257,57.24875488069042,68.65977433455888,46.172527685559814,7.645536699781273,Madurez,3.0,3.108398721305992
2024-03-06 10:17:33.306613216,Fertilizadora,Fertilizacion,7,23.930843486651103,55.67980705390834,66.62503242195892,18.869198136648247,9.753773017909817,Reproductivo,2.0,23.03213669351677
2024-03-11 13:13:35.230460912,Fertilizadora,Fertilizacion,4,29.20422364610434,40.63330313030914,67.13575030458617,40.36999230474829,8.992175525916561,Reproductivo,2.0,14.035387859299803
2024-03-16 16:09:37.154308608,Fertilizadora,Fertilizacion,7,32.936663764359274,26.90935976371243,73.04030866230868,33.10534383043131,8.885457585810096,Reproductivo,2.0,25.88570619841492
2024-03-21 19:05:39.078156304,Fertilizadora,Fertilizacion,7,26.377881123090784,22.11070638001822,62.89247216658592,57.60214550125898,6.037014219409754,Madurez,3.0,0.0
2024-03-26 22:01:41.002004000,Fertilizadora,Fertilizacion,8,32.226150428544834,40.55124981831782,75.56236999468628,54.75712762842335,6.009180360787873,Siembra,0.0,3.847147608126064
2024-04-01 00:57:42.925851696,Fertilizadora,Fertilizacion,8,30.22891172756422,39.056462409630356,77.2184943221842,26.816992940879246,5.750427758875881,Vegetativo,1.0,57.31684129020614
2024-04-06 03:53:44.849699392,Fertilizadora,Fertilizacion,7,31.28210681326364,50.03880290756317,69.94154285453119,57.077836334602836,6.0801745706579196,Vegetativo,1.0,22.488230627787257
2024-04-11 06:49:46.773547088,Fertilizadora,Fertilizacion,2,29.511158882101086,45.626240134375834,57.5367441206073,53.66469040125053,6.217052568159104,Reproductivo,2.0,0.0
2024-04-16 09:45:48.697394784,Fertilizadora,Fertilizacion,7,31.44437417939369,26.5396455554106,67.29278563676502,37.471111770302656,4.84002213388356,Vegetativo,1.0,44.01894397987128
2024-04-21 12:41:50.621242480,Fertilizadora,Fertilizacion,6,35.33243767270157,9.103822325732295,80.70275263311204,9.516484983424716,6.135687176212562,Madurez,3.0,7.869528226274236
2024-04-26 15:37:52.545090176,Fertilizadora,Fertilizacion,3,33.98370244982732,20.168418475321932,56.22426498016324,13.843463236274575,6.680482211468366,Vegetativo,1.0,76.34708149685306
2024-05-01 18:33:54.468937872,Fertilizadora,Fertilizacion,6,36.6781303779334,25.78565214199297,69.41466172320276,9.228083457059011,5.856084032479951,Madurez,3.0,7.7294734846827495
2024-05-06 21:29:56.392785568,Fertilizadora,Fertilizacion,3,35.556976214373506,18.03303775613742,65.43241063367472,10.939621305698356,4.9920818089452865,Madurez,3.0,14.957739212115579
2024-05-12 00:25:58.316633264,Fertilizadora,Fertilizacion,5,33.96467086971338,10.544867889679033,78.49619757393502,58.732380591619275,6.240462389070986,Siembra,0.0,7.5910359563261816
2024-05-17 03:22:00.240480960,Fertilizadora,Fertilizacion,7,36.78882971303961,20.362719901437465,67.84420829546038,16.669201456888377,6.885446639298615,Madurez,3.0,9.989598111444176
2024-05-22 06:18:02.164328656,Fertilizadora,Fertilizacion,2,33.80526416540752,8.006939463942125,76.35132650940567,42.99700202873647,8.324370320002771,Madurez,3.0,12.109470552108785
2024-05-27 09:14:04.088176352,Fertilizadora,Fertilizacion,3,34.48300375703145,4.575518776253036,77.3576696979533,40.00905417255233,8.267426568848022,Siembra,0.0,33.85180307527463
2024-06-01 12:10:06.012024048,Fertilizadora,Fertilizacion,7,31.766885726388544,16.113484406721152,85.00986628160643,39.71296756691521,5.216170186499945,Vegetativo,1.0,42.60234820020309
2024-06-06 15:06:07.935871744,Fertilizadora,Fertilizacion,4,32.26140606255198,4.600496810935365,73.52281647117975,16.368719977781637,4.219932371009422,Madurez,3.0,4.190515411214209
2024-06-11 18:02:09.859719440,Fertilizadora,Fertilizacion,8,30.21633780718631,12.222923303122135,77.10271412097069,36.86406269115352,5.822797130842416,Madurez,3.0,8.518995584987456
2024-06-16 20:58:11.783567136,Fertilizadora,Fertilizacion,1,33.50611505285163,11.319728296641987,64.85694859300595,39.40460922717234,4.942817829153705,Vegetativo,1.0,40.60611482395548
2024-06-21 23:54:13.707414832,Fertilizadora,Fertilizacion,6,28.260935236176223,0.0,83.65115404710077,36.37229241548111,6.374730875294164,Reproductivo,2.0,12.112382110989834
2024-06-27 02:50:15.631262528,Fertilizadora,Fertilizacion,7,31.93683409625531,0.0,70.65905497788245,15.238935700162326,9.876076714915627,Siembra,0.0,40.126666574732255
2024-07-02 05:46:17.555110208,Fertilizadora,Fertilizacion,8,29.214100593658245,24.291782411996927,70.8671972147334,44.76833283910899,5.086428225431326,Reproductivo,2.0,0.0
2024-07-07 08:42:19.478957904,Fertilizadora,Fertilizacion,2,31.58649443766489,0.0,75.21124017772202,9.028373905408106,5.913243660537813,Reproductivo,2.0,40.52453393891639
2024-07-12 11:38:21.402805600,Fertilizadora,Fertilizacion,8,30.000840802086216,0.0,66.52239964723071,37.51600065007921,8.350685897917433,Vegetativo,1.0,42.311335322580746
2024-07-17 14:34:23.326653296,Fertilizadora,Fertilizacion,4,31.66137485392042,0.0,76.69113897470147,28.994263282072232,7.05509669717153,Vegetativo,1.0,45.428414063278325
2024-07-22 17:30:25.250500992,Fertilizadora,Fertilizacion,3,28.543651526372944,2.524349012219203,82.012571682342,18.765762622319052,4.2635688614403096,Madurez,3.0,16.460890365118065
2024-07-27 20:26:27.174348704,Fertilizadora,Fertilizacion,3,22.73574554371847,2.436051705954111,80.00520786420594,49.40639439643763,4.9701401089679305,Vegetativo,1.0,20.277121773157663
2024-08-01 23:22:29.098196384,Fertilizadora,Fertilizacion,6,25.289000901782845,0.4056917046947872,67.98300896292808,14.674091166970115,9.611497328639174,Vegetativo,1.0,90.81018966582465
2024-08-07 02:18:31.022044096,Fertilizadora,Fertilizacion,6,21.934840243825622,19.323823550683528,76.4340442646284,56.3139967943873,4.618989956434171,Vegetativo,1.0,9.900821330253429
2024-08-12 05:14:32.945891776,Fertilizadora,Fertilizacion,4,22.599246358508942,0.0,82.94243719239881,53.651076557665284,7.810556723258235,Vegetativo,1.0,3.079290810798625
2024-08-17 08:10:34.869739488,Fertilizadora,Fertilizacion,1,26.292296803182218,8.833234829879018,65.22310473670046,24.832315093914563,8.75395389304547,Vegetativo,1.0,65.85313546103555
2024-08-22 11:06:36.793587168,Fertilizadora,Fertilizacion,8,23.60593398972518,25.86454516932427,69.62016340714398,21.78341119722263,5.592634376349544,Reproductivo,2.0,35.37764648938067
2024-08-27 14:02:38.717434880,Fertilizadora,Fertilizacion,2,19.91476152396829,0.0,84.68909509110023,12.561767588039618,8.35046801883214,Madurez,3.0,4.921422049295607
2024-09-01 16:58:40.641282560,Fertilizadora,Fertilizacion,1,18.490114802948696,0.5527584892216666,81.50481174501394,55.39802987636757,5.019371074181081,Reproductivo,2.0,0.0
2024-09-06 19:54:42.565130240,Fertilizadora,Fertilizacion,5,20.084546750700497,0.0,81.84223813001535,39.51425223527996,5.708501649002742,Siembra,0.0,25.082425895531564
2024-09-11 22:50:44.488977952,Fertilizadora,Fertilizacion,4,16.65760918117442,0.0,91.72680563232882,6.748097017887174,5.870932185305245,Vegetativo,1.0,85.91793139561294
2024-09-17 01:46:46.412825632,Fertilizadora,Fertilizacion,5,17.089432361638224,5.371706339842646,82.80027883727642,33.10496780088857,9.978609943385342,Reproductivo,2.0,30.153048084033486
2024-09-22 04:42:48.336673344,Fertilizadora,Fertilizacion,8,18.65613154414527,31.429709956482952,81.30330522562959,9.71894213061628,5.287433771307744,Reproductivo,2.0,36.16963335894407
2024-09-27 07:38:50.260521024,Fertilizadora,Fertilizacion,1,19.95975201443973,38.76669734151179,92.57722417093511,36.5562876724063,4.77524478780151,Madurez,3.0,18.42028817188654
2024-10-02 10:34:52.184368736,Fertilizadora,Fertilizacion,3,18.254359297880725,10.019511386253782,77.9265859862985,32.99289450764469,9.554148624888462,Vegetativo,1.0,30.871799543467286
2024-10-07 13:30:54.108216416,Fertilizadora,Fertilizacion,5,11.423648165780277,43.14147242526177,74.16310876624499,9.556532502649711,4.971584162922117,Vegetativo,1.0,90.07424903554535
2024-10-12 16:26:56.032064128,Fertilizadora,Fertilizacion,7,16.739206930690987,18.77233758574914,81.60626895688102,49.87233262142251,9.275679517776432,Reproductivo,2.0,19.542543340338522
2024-10-17 19:22:57.955911808,Fertilizadora,Fertilizacion,5,15.891822638213391,44.67191211100812,79.89805528407803,19.42744474414527,7.90273976588014,Siembra,0.0,40.65918761860793
2024-10-22 22:18:59.879759520,Fertilizadora,Fertilizacion,4,16.368775746041678,20.688712589787094,75.85553913002519,34.78164002916844,7.461168988423113,Reproductivo,2.0,18.60453495646985
2024-10-28 01:15:01.803607200,Fertilizadora,Fertilizacion,5,18.767229833016327,26.09763054084494,71.5492769978476,40.147138214679394,8.508032269279461,Madurez,3.0,0.6989777492845457
2024-11-02 04:11:03.727454912,Fertilizadora,Fertilizacion,8,10.538278051298725,31.26829143287372,94.06920589995602,57.92674934663416,8.3559937428883,Reproductivo,2.0,0.0
2024-11-07 07:07:05.651302592,Fertilizadora,Fertilizacion,4,13.708777899417678,72.52851989781018,77.76070696570714,32.15964310839153,4.6631571365098825,Vegetativo,1.0,51.28440621822149
2024-11-12 10:03:07.575150304,Fertilizadora,Fertilizacion,8,16.30747618215612,41.7857302590998,72.95581262710492,55.45236747583579,9.996796662440135,Madurez,3.0,0.0
2024-11-17 12:59:09.498997984,Fertilizadora,Fertilizacion,7,11.592737833235475,21.765809392927107,86.096858820611,24.517153774123436,9.651338358692371,Reproductivo,2.0,26.99669146977943
2024-11-22 15:55:11.422845696,Fertilizadora,Fertilizacion,3,18.45010423200471,46.97657365094042,75.52946671735512,52.15904609074972,9.379551777171496,Reproductivo,2.0,10.451719614929306
2024-11-27 18:51:13.346693376,Fertilizadora,Fertilizacion,2,16.20921240545221,30.018461072596544,76.80801009437701,17.970442482327922,7.733734803654441,Madurez,3.0,6.526969440912289
2024-12-02 21:47:15.270541088,Fertilizadora,Fertilizacion,7,17.520717137148402,29.819176464934106,81.2558521162903,43.91138693394798,7.136747987993885,Siembra,0.0,11.133776183750928
2024-12-08 00:43:17.194388768,Fertilizadora,Fertilizacion,2,14.794651747752019,51.18127761537174,69.37607606966691,9.873659656524808,7.21767150329001,Madurez,3.0,18.068074971849057
2024-12-13 03:39:19.118236480,Fertilizadora,Fertilizacion,3,18.232925086746345,40.266888415553126,78.91288836989757,59.23276961760126,4.089621665369394,Reproductivo,2.0,6.64831705544332
2024-12-18 06:35:21.042084160,Fertilizadora,Fertilizacion,2,19.241075049574846,44.9855326057499,87.54450997057933,57.46650199243024,6.996817011672658,Reproductivo,2.0,0.0
2024-12-23 09:31:22.965931872,Fertilizadora,Fertilizacion,5,17.903126654016805,42.40872067979385,79.53827398989446,29.321750118455775,7.742617405959519,Siembra,0.0,25.85242433758269
2024-12-28 12:27:24.889779552,Fertilizadora,Fertilizacion,3,18.45569967798281,47.91789138552511,73.84980117916322,33.816436989463945,7.952237252649691,Madurez,3.0,0.0
2025-01-02 15:23:26.813627264,Fertilizadora,Fertilizacion,6,19.037008897496232,49.88774374100714,72.7033957040263,37.87761742749122,5.992836790307878,Siembra,0.0,30.557105430089273
2025-01-07 18:19:28.737474944,Fertilizadora,Fertilizacion,8,17.17156441005387,17.545799340675764,76.52424866915642,20.12706578293185,6.827694101761297,Madurez,3.0,10.03176078008803
2025-01-12 21:15:30.661322624,Fertilizadora,Fertilizacion,7,19.411474363066404,54.56769409058894,73.71679237739298,42.09592893628395,7.817863639975447,Madurez,3.0,9.86391097304972
2025-01-18 00:11:32.585170336,Fertilizadora,Fertilizacion,8,20.239788413780907,31.966673722343028,74.49190096083962,43.42090706324838,6.5698330616510905,Vegetativo,1.0,26.95470510412859
2025-01-23 03:07:34.509018016,Fertilizadora,Fertilizacion,1,22.14645785699055,25.745734146736332,82.0869496647618,33.87920707789016,9.772811193901152,Vegetativo,1.0,38.91171642283632
2025-01-28 06:03:36.432865728,Fertilizadora,Fertilizacion,4,24.250198469156174,45.18094250441514,63.89870051618823,13.125738086686974,8.232652659112002,Siembra,0.0,62.5053908422485
2025-02-02 08:59:38.356713408,Fertilizadora,Fertilizacion,2,20.48381256336157,47.0725639052576,80.63686079287565,55.555226914038,4.0076424775053425,Vegetativo,1.0,3.8405874027884046
2025-02-07 11:55:40.280561120,Fertilizadora,Fertilizacion,8,23.308358025685326,35.92397874062384,73.09003724090486,11.32747952900884,4.1396768888935185,Siembra,0.0,58.75096589424775
2025-02-12 14:51:42.204408800,Fertilizadora,Fertilizacion,6,27.61644635179799,56.843801634825645,74.44842636025687,39.604469279078124,8.141801220810247,Madurez,3.0,0.0
2025-02-17 17:47:44.128256512,Fertilizadora,Fertilizacion,3,23.492575004659763,25.83838198426171,69.34860072842295,10.669872813536532,6.475870585273016,Reproductivo,2.0,34.12683747509661
2025-02-22 20:43:46.052104192,Fertilizadora,Fertilizacion,5,24.08240066676966,38.19858071849421,82.88705971024771,13.035539002310744,9.036825695273597,Siembra,0.0,63.33532243118481
2025-02-27 23:39:47.975951904,Fertilizadora,Fertilizacion,5,27.08532217525342,34.82741415962215,81.60775386692276,6.129607271585595,5.038092456917572,Madurez,3.0,4.826485464741328
2025-03-05 02:35:49.899799584,Fertilizadora,Fertilizacion,4,29.37032846118902,41.1223249521392,78.58814219691315,24.985024612121776,4.082961484313751,Siembra,0.0,47.79528427178579
2025-03-10 05:31:51.823647296,Fertilizadora,Fertilizacion,4,28.23666777848417,44.4992510731064,63.86869753692079,40.177041043212085,6.328494100682274,Reproductivo,2.0,0.0
2025-03-15 08:27:53.747494976,Fertilizadora,Fertilizacion,1,31.802955114460485,25.182557483314657,78.22908753766997,33.68493208530796,8.416384625844694,Siembra,0.0,26.625228679400436
2025-03-20 11:23:55.671342688,Fertilizadora,Fertilizacion,4,31.395825141017927,48.01785434306281,73.99916337901296,42.09965331866672,9.830366400265412,Siembra,0.0,19.884300946491123
2025-03-25 14:19:57.595190368,Fertilizadora,Fertilizacion,3,31.95377427442564,37.24216152137397,62.60517859944569,42.12603734790241,9.301923276106333,Siembra,0.0,35.164591226049666
2025-03-30 17:15:59.519038080,Fertilizadora,Fertilizacion,7,31.866604589306792,8.263727408718623,74.43980589842023,12.709555919683126,6.904447671622833,Vegetativo,1.0,74.10982506537488
2025-04-04 20:12:01.442885760,Fertilizadora,Fertilizacion,7,36.26501445315612,5.642053779952239,75.44308757319875,8.153557188194355,8.8769036991782,Reproductivo,2.0,46.01599342102264
2025-04-09 23:08:03.366733472,Fertilizadora,Fertilizacion,7,31.136630608378187,31.134220244139065,76.34789331047541,39.394697723906845,4.421982747205684,Madurez,3.0,12.525443609887894
2025-04-15 02:04:05.290581152,Fertilizadora,Fertilizacion,1,27.63849331377052,26.036237775874646,75.70719651980347,40.927336773638345,7.4336340855093,Madurez,3.0,0.0
2025-04-20 05:00:07.214428864,Fertilizadora,Fertilizacion,7,35.89224054398906,25.82509576222486,73.51909664971011,35.618705432793746,9.545790478086822,Reproductivo,2.0,16.237039836476878
2025-04-25 07:56:09.138276544,Fertilizadora,Fertilizacion,4,31.61074962517409,25.00022124900369,82.17788828478734,18.516935647823892,6.378310884944439,Reproductivo,2.0,33.69764204943009
2025-04-30 10:52:11.062124256,Fertilizadora,Fertilizacion,4,33.046117682741176,26.658520075305564,80.05738066448022,49.59208693402397,9.760603777978694,Vegetativo,1.0,6.881606437782105
2025-05-05 13:48:12.985971936,Fertilizadora,Fertilizacion,8,35.81575660517136,34.880175259410485,53.871741444740735,9.162730852294139,5.324110580374632,Vegetativo,1.0,86.04618040386735
2025-05-10 16:44:14.909819648,Fertilizadora,Fertilizacion,7,29.469679241958616,4.187658254944509,73.84596827589283,39.77714841267476,4.633802857200362,Madurez,3.0,14.204307803159123
2025-05-15 19:40:16.833667328,Fertilizadora,Fertilizacion,1,30.23442932549059,1.4970440105155198,74.71028004997333,11.62263447336547,7.1485740164902065,Reproductivo,2.0,42.12340526192781
2025-05-20 22:36:18.757515008,Fertilizadora,Fertilizacion,3,29.392191304871805,0.8046978927128556,65.53576577551601,40.99462440382763,9.443481231887347,Reproductivo,2.0,13.778004313386008
2025-05-26 01:32:20.681362720,Fertilizadora,Fertilizacion,6,30.99331877477033,18.0820955846086,74.67086913145558,27.974918330292304,5.8676753124684655,Siembra,0.0,38.68565694460614
2025-05-31 04:28:22.605210400,Fertilizadora,Fertilizacion,5,33.490958069628434,29.818316750948647,79.78524597001719,44.495668049071924,8.800961916393714,Vegetativo,1.0,32.324944242651355
2025-06-05 07:24:24.529058112,Fertilizadora,Fertilizacion,3,33.39728910139572,4.787938341485275,67.80850658964914,7.8705711362314075,5.015183595281686,Reproductivo,2.0,47.048057361257904
2025-06-10 10:20:26.452905792,Fertilizadora,Fertilizacion,5,32.511244573304374,0.0,77.03947003148271,35.52956436642024,8.473422376005637,Vegetativo,1.0,38.96190010243408
2025-06-15 13:16:28.376753504,Fertilizadora,Fertilizacion,7,28.396287675940215,0.0,70.9663584496423,12.968284438404378,7.342161648324586,Reproductivo,2.0,49.17032734851946
2025-06-20 16:12:30.300601184,Fertilizadora,Fertilizacion,2,25.967592536543275,0.0,73.2798704701318,42.530989738576054,5.050101852366233,Madurez,3.0,13.989198026674332
2025-06-25 19:08:32.224448896,Fertilizadora,Fertilizacion,6,30.662722441890566,0.0,84.53240895035852,11.597559722142533,8.308523496625652,Siembra,0.0,62.36064866427522
2025-06-30 22:04:34.148296576,Fertilizadora,Fertilizacion,6,28.95018483538329,0.0,73.01208838694491,9.04708276235592,8.282536680738563,Madurez,3.0,3.244095350632846
2025-07-06 01:00:36.072144288,Fertilizadora,Fertilizacion,8,30.274621911195826,4.238749528316959,78.23805730287987,44.22175390009869,7.092611374860642,Madurez,3.0,0.0
2025-07-11 03:56:37.995991968,Fertilizadora,Fertilizacion,3,30.161693523692037,0.0,64.61609857034186,8.494256401255527,5.352805825856048,Vegetativo,1.0,88.24734838755822
2025-07-16 06:52:39.919839680,Fertilizadora,Fertilizacion,2,28.24081020063209,17.238001810894787,86.31058165327646,17.349194986233385,4.793763353469979,Madurez,3.0,8.854983174899152
2025-07-21 09:48:41.843687360,Fertilizadora,Fertilizacion,5,28.89914940783471,0.0,79.90121238509684,50.360435841911965,9.743530290758736,Siembra,0.0,0.0
2025-07-26 12:44:43.767535072,Fertilizadora,Fertilizacion,5,26.99744136851457,0.0,75.85589646511833,49.53285692945245,7.934875229554931,Vegetativo,1.0,22.79497990170737
2025-07-31 15:40:45.691382752,Fertilizadora,Fertilizacion,4,26.907205062093276,8.71736787272464,79.73836785844875,51.97691667794268,8.855448901440305,Siembra,0.0,19.99843809395108
2025-08-05 18:36:47.615230464,Fertilizadora,Fertilizacion,7,23.42579530543911,0.0,69.74205506940945,22.935493927379255,8.18182317430145,Reproductivo,2.0,33.72992951952872
2025-08-10 21:32:49.539078144,Fertilizadora,Fertilizacion,7,23.808728501615544,7.923305719418419,84.52826501739703,34.042641581261506,8.976841991153734,Madurez,3.0,0.0
2025-08-16 00:28:51.462925856,Fertilizadora,Fertilizacion,2,23.708651563592145,4.482820439336231,75.79943766461727,47.53410439333836,4.974944918493541,Reproductivo,2.0,3.5759930582296677
2025-08-21 03:24:53.386773536,Fertilizadora,Fertilizacion,7,24.312936756979614,1.6364543677262615,76.53513869534842,12.534203325609425,6.981701347282266,Reproductivo,2.0,39.629961823654796
2025-08-26 06:20:55.310621248,Fertilizadora,Fertilizacion,2,20.884606301401146,26.740171839482187,74.00124035755812,44.8414983568645,8.00274862301376,Siembra,0.0,16.82074969611937
2025-08-31 09:16:57.234468928,Fertilizadora,Fertilizacion,4,22.157096855448167,0.0,75.16110768411963,10.361749216706004,4.620339399371308,Madurez,3.0,13.275743712848968
2025-09-05 12:12:59.158316640,Fertilizadora,Fertilizacion,1,19.70747829194049,35.38121306069784,80.83990922273544,55.22878347447772,4.89974169597045,Siembra,0.0,10.707826812062386
2025-09-10 15:09:01.082164320,Fertilizadora,Fertilizacion,3,19.342938404516463,4.595044548397469,80.79780909517278,40.05206003813942,7.8038955655056785,Reproductivo,2.0,24.502339065646048
2025-09-15 18:05:03.006012032,Fertilizadora,Fertilizacion,8,20.76820079193952,0.0,83.04161857123941,32.131792197936576,9.21223482552292,Reproductivo,2.0,12.888036318410792
2025-09-20 21:01:04.929859712,Fertilizadora,Fertilizacion,4,13.937640950757583,11.508597257216199,80.54836974974413,31.660109006694032,7.962497073649586,Madurez,3.0,7.351185742548539
2025-09-25 23:57:06.853707424,Fertilizadora,Fertilizacion,6,14.891227183269793,0.0,84.26726935231866,14.97491263147007,4.217228880736454,Madurez,3.0,5.924047421232126
2025-10-01 02:53:08.777555104,Fertilizadora,Fertilizacion,1,13.849382735348971,3.5173892471311614,78.75823243930714,24.025455485005953,9.822597502541939,Reproductivo,2.0,27.478886034449978
2025-10-06 05:49:10.701402784,Fertilizadora,Fertilizacion,6,11.504261117563576,21.32249385419424,94.04610014897449,44.9918015924432,4.83704140543747,Reproductivo,2.0,18.829487243481772
2025-10-11 08:45:12.625250496,Fertilizadora,Fertilizacion,3,14.728490312685857,25.325126298341978,69.81143578810959,34.75189914699137,5.395373401314938,Vegetativo,1.0,52.563022725974506
2025-10-16 11:41:14.549098176,Fertilizadora,Fertilizacion,6,17.50939881413444,10.667289242116077,86.98395121706157,34.11184122551445,9.849803691428345,Reproductivo,2.0,31.588134711405473
2025-10-21 14:37:16.472945888,Fertilizadora,Fertilizacion,8,14.934049971117506,35.06614461990563,86.57523564484224,15.738524200006866,8.62619797992025,Reproductivo,2.0,38.13649479117831
2025-10-26 17:33:18.396793568,Fertilizadora,Fertilizacion,5,15.758479251942841,39.33280459243467,72.62495505863166,42.969927157452624,9.61946008227104,Reproductivo,2.0,12.611144155378113
2025-10-31 20:29:20.320641280,Fertilizadora,Fertilizacion,1,17.54631681192779,45.12759336431303,90.02422331001607,26.561864558374264,8.839718156848178,Reproductivo,2.0,24.266539553102522
2025-11-05 23:25:22.244488960,Fertilizadora,Fertilizacion,4,17.963077468826782,34.315292536174255,83.34064118068859,15.051433614119377,7.9104068500192,Vegetativo,1.0,65.47429273259755
2025-11-11 02:21:24.168336672,Fertilizadora,Fertilizacion,1,14.848079398766709,48.222917609698605,83.17217284259323,56.908161337798106,5.707317993178036,Siembra,0.0,14.647064090321315
2025-11-16 05:17:26.092184352,Fertilizadora,Fertilizacion,4,18.016270462962982,4.622488540993146,79.89263937683876,32.873931077608276,5.961288650197153,Siembra,0.0,29.474045825269226
2025-11-21 08:13:28.016032064,Fertilizadora,Fertilizacion,1,15.34551675381003,28.2703136379915,77.4640870958151,34.0420156131801,9.683626438266218,Vegetativo,1.0,50.07103782342662
2025-11-26 11:09:29.939879744,Fertilizadora,Fertilizacion,6,13.470504258319902,22.28579154730258,78.64600722356617,58.97545506181434,9.163753696933867,Vegetativo,1.0,7.697647316989712
2025-12-01 14:05:31.863727456,Fertilizadora,Fertilizacion,3,14.23927099532224,37.71881790324427,80.74193329729478,25.152337544377136,6.156942690653959,Reproductivo,2.0,17.426474307222215
2025-12-06 17:01:33.787575136,Fertilizadora,Fertilizacion,2,12.586440683672064,29.58606806097766,88.03497796603995,56.866137650934725,6.239604505724223,Madurez,3.0,0.0
2025-12-11 19:57:35.711422848,Fertilizadora,Fertilizacion,1,14.24670016460086,36.696397556304774,79.56582844505384,43.2208948624514,5.786166341655308,Reproductivo,2.0,25.671682927969375
2025-12-16 22:53:37.635270528,Fertilizadora,Fertilizacion,8,15.827596657497073,66.69823586034701,70.05582056222453,39.82025980096399,5.956780855750024,Madurez,3.0,6.310488880339751
2025-12-22 01:49:39.559118240,Fertilizadora,Fertilizacion,7,18.952459693998353,39.40158110548211,81.56107499297188,17.893006606836433,9.164004797732714,Reproductivo,2.0,28.406591196516956
2025-12-27 04:45:41.482965920,Fertilizadora,Fertilizacion,7,21.500410551569658,48.618351713234354,80.51229264826063,7.846561981328456,4.063041139539081,Madurez,3.0,9.211099740679975
2026-01-01 07:41:43.406813632,Fertilizadora,Fertilizacion,1,15.280507750841602,40.52354684748332,81.73789571009348,29.078111105682634,6.616315726657148,Madurez,3.0,14.771618989113975
2026-01-06 10:37:45.330661312,Fertilizadora,Fertilizacion,3,19.806342075891212,45.590365858430694,80.29354444391353,5.55940290976488,9.657038071167447,Siembra,0.0,71.4817469298058
2026-01-11 13:33:47.254509024,Fertilizadora,Fertilizacion,8,17.311135089676995,45.21788384131483,75.09810323036102,8.90513809237109,7.255818131096853,Reproductivo,2.0,28.333159854270924
2026-01-16 16:29:49.178356704,Fertilizadora,Fertilizacion,5,21.335404516828955,51.857205559254886,69.21009697158601,37.742971563190515,6.702674740863421,Reproductivo,2.0,30.642574594324053
2026-01-21 19:25:51.102204416,Fertilizadora,Fertilizacion,2,20.720841516207297,62.182435244919155,68.96395006588924,44.84595081901651,5.874218828197528,Madurez,3.0,10.736179254340597
2026-01-26 22:21:53.026052096,Fertilizadora,Fertilizacion,2,17.721512872657794,69.0574242656822,64.86009706256804,14.237158255835231,4.443475779171423,Reproductivo,2.0,34.68303622995332
2026-02-01 01:17:54.949899808,Fertilizadora,Fertilizacion,3,24.701560145370994,50.26487799755042,75.15495537859182,45.28752269705756,5.346918868165077,Siembra,0.0,7.991551396105164
2026-02-06 04:13:56.873747488,Fertilizadora,Fertilizacion,8,22.09778975176837,53.95234953124445,73.84889292502196,57.23492046271135,4.542750459621228,Siembra,0.0,11.978944675471368
2026-02-11 07:09:58.797595168,Fertilizadora,Fertilizacion,2,23.027918597095873,29.194656448276973,73.36472974797604,45.874684439940815,4.76019657829257,Siembra,0.0,20.649771703982474
2026-02-16 10:06:00.721442880,Fertilizadora,Fertilizacion,8,22.621254435973245,43.5270195778116,57.26668643511402,48.159337076626805,4.981099264757619,Siembra,0.0,2.5029210920807614
2026-02-21 13:02:02.645290560,Fertilizadora,Fertilizacion,6,24.30029061074776,57.21841130696242,65.83352056351627,43.53919191476045,5.81217659250567,Siembra,0.0,17.71425335321953
2026-02-26 15:58:04.569138272,Fertilizadora,Fertilizacion,8,27.43321425036714,55.32671216423649,79.09728194765158,17.360559225011315,4.0661000799732125,Madurez,3.0,33.37602990952208
2026-03-03 18:54:06.492985952,Fertilizadora,Fertilizacion,7,26.809235598335277,45.172500938469845,69.41521146512628,24.848946818570983,9.700863313559486,Vegetativo,1.0,62.289711137257676
2026-03-08 21:50:08.416833664,Fertilizadora,Fertilizacion,3,28.658499065901815,53.4916577407402,74.2537427736162,57.209682952339946,4.742914556061847,Reproductivo,2.0,0.0
2026-03-14 00:46:10.340681344,Fertilizadora,Fertilizacion,7,29.54465924520497,46.43357730851948,64.00057049964516,41.36658184335653,6.298893234157522,Madurez,3.0,0.0
2026-03-19 03:42:12.264529056,Fertilizadora,Fertilizacion,2,32.29312097882811,54.9737716329808,79.33173882092709,48.396360366373976,9.277165358288684,Reproductivo,2.0,23.435452445901173
2026-03-24 06:38:14.188376736,Fertilizadora,Fertilizacion,3,29.232936137579735,40.722390417985885,72.04651515808017,58.278204036457254,4.639407821144573,Vegetativo,1.0,10.271426577173388
2026-03-29 09:34:16.112224448,Fertilizadora,Fertilizacion,2,27.29311328671983,30.099777974979837,76.17967049055089,17.729030628196615,6.901625510524725,Vegetativo,1.0,85.91266290338719
2026-04-03 12:30:18.036072128,Fertilizadora,Fertilizacion,2,33.39685469300395,38.10760720222942,85.61717103256038,22.69276670296044,9.068701585248375,Madurez,3.0,9.312348181719356
2026-04-08 15:26:19.959919840,Fertilizadora,Fertilizacion,1,30.774339590359627,0.0,84.72762174691056,40.46409090589748,7.34177574420484,Reproductivo,2.0,25.47798464029976
2026-04-13 18:22:21.883767520,Fertilizadora,Fertilizacion,2,34.35488698644793,35.22304252351184,69.71855242513992,6.339661058120402,5.2620615725365605,Madurez,3.0,3.7291583933426145
2026-04-18 21:18:23.807615232,Fertilizadora,Fertilizacion,1,33.08695387017298,0.0,71.2602450362173,36.41704925335381,8.413057188475488,Siembra,0.0,29.20451271725275
2026-04-24 00:14:25.731462912,Fertilizadora,Fertilizacion,4,32.283267949185,1.640958388981872,73.0163094775495,49.47786087329743,8.088046377205046,Siembra,0.0,14.919063394380167
2026-04-29 03:10:27.655310624,Fertilizadora,Fertilizacion,1,33.54304110794168,30.20385379039461,75.30301679984805,38.57438556032688,6.1731154392815455,Siembra,0.0,36.43927684577556
2026-05-04 06:06:29.579158304,Fertilizadora,Fertilizacion,1,37.207041790701076,28.67504530963327,70.45218694297874,21.246630614286097,4.277770969488251,Reproductivo,2.0,32.986194106218
2026-05-09 09:02:31.503006016,Fertilizadora,Fertilizacion,8,37.55733944014284,3.841036563151082,70.57618340087708,44.82572458348339,4.047188139376564,Reproductivo,2.0,7.039662555230748
2026-05-14 11:58:33.426853696,Fertilizadora,Fertilizacion,1,33.1473360214424,8.299739347937049,82.93754074891444,13.031739357397006,8.95235729876303,Vegetativo,1.0,83.40948688366566
2026-05-19 14:54:35.350701408,Fertilizadora,Fertilizacion,1,33.28732955814579,35.65324127298414,71.21191600214323,54.21254081031842,5.929344169354412,Vegetativo,1.0,0.0
2026-05-24 17:50:37.274549088,Fertilizadora,Fertilizacion,1,35.17679084741765,7.941450363215129,87.25034173257053,10.550326707225047,4.826619391635427,Reproductivo,2.0,20.210816966439843
2026-05-29 20:46:39.198396800,Fertilizadora,Fertilizacion,2,30.75763045496683,44.43958899378299,72.624117603772,52.49201235693391,7.111307356977893,Madurez,3.0,8.166743967323558
2026-06-03 23:42:41.122244480,Fertilizadora,Fertilizacion,5,33.096143749706705,11.41370169982968,84.61516391696463,32.379518525492784,9.52499977435054,Madurez,3.0,2.43999821313753
2026-06-09 02:38:43.046092192,Fertilizadora,Fertilizacion,7,31.919431690752255,15.358901619438873,76.14340331494536,28.5755851918291,4.050885187134386,Vegetativo,1.0,53.5261083410322
2026-06-14 05:34:44.969939872,Fertilizadora,Fertilizacion,6,32.27932360996093,30.90342450201577,78.4077262158491,32.53639683164872,4.336861244058487,Reproductivo,2.0,28.27700557048443
2026-06-19 08:30:46.893787552,Fertilizadora,Fertilizacion,5,29.311602329641463,8.838671302934943,71.08617917128436,16.011346670110665,6.502269595510434,Siembra,0.0,62.954539972683584
2026-06-24 11:26:48.817635264,Fertilizadora,Fertilizacion,1,27.151426539407314,0.0,71.77444537568297,30.17270687573475,8.05579544053038,Madurez,3.0,10.144181213911763
2026-06-29 14:22:50.741482944,Fertilizadora,Fertilizacion,7,25.542217122475197,3.3277075927319393,79.95224312980504,51.73458987442622,6.856602752602301,Siembra,0.0,25.406844985020058
2026-07-04 17:18:52.665330656,Fertilizadora,Fertilizacion,1,27.053720229719314,3.5036581955331014,82.58222471874748,49.052538322033946,9.385290630792428,Vegetativo,1.0,23.701907061823047
2026-07-09 20:14:54.589178336,Fertilizadora,Fertilizacion,6,27.871311396079644,0.0,76.8865800233749,13.96766939702311,4.264507333224869,Reproductivo,2.0,38.53074724319943
2026-07-14 23:10:56.513026048,Fertilizadora,Fertilizacion,4,27.567723940537782,0.0,69.03293661030959,42.038153797098396,6.040845217862461,Madurez,3.0,5.477626005661981
2026-07-20 02:06:58.436873728,Fertilizadora,Fertilizacion,8,31.632809019966462,0.0,67.16696664527578,52.12604957309839,6.108087336332325,Siembra,0.0,0.0
2026-07-25 05:03:00.360721440,Fertilizadora,Fertilizacion,3,29.07474828656194,14.992889174673817,66.46158855261197,50.08721737403451,6.040763355918051,Reproductivo,2.0,15.587780957611574
2026-07-30 07:59:02.284569120,Fertilizadora,Fertilizacion,6,23.776094366343862,2.4878668959325436,67.27360494246876,28.409784381344977,6.926115472740344,Siembra,0.0,17.708556610060334
2026-08-04 10:55:04.208416832,Fertilizadora,Fertilizacion,4,25.894791681106586,0.0,77.99373506829522,7.6451062190363706,8.743462271167662,Siembra,0.0,56.876935361877464
2026-08-09 13:51:06.132264512,Fertilizadora,Fertilizacion,5,23.463045780221908,0.9066499662807743,84.86566550986802,56.2143182635562,5.907295698416904,Vegetativo,1.0,7.294912996534179
2026-08-14 16:47:08.056112224,Fertilizadora,Fertilizacion,8,22.959150820643178,5.952498798809289,77.80760258732128,26.77368137164341,8.466899239793214,Reproductivo,2.0,19.806251607048754
2026-08-19 19:43:09.979959904,Fertilizadora,Fertilizacion,6,23.221671209009987,12.056312745120225,63.74542151320976,24.853715049098906,4.878792827674428,Vegetativo,1.0,58.535281448783266
2026-08-24 22:39:11.903807616,Fertilizadora,Fertilizacion,4,23.414103808354486,0.0,77.06050090506864,46.77332194633471,7.364349133803701,Madurez,3.0,17.34616216634194
2026-08-30 01:35:13.827655296,Fertilizadora,Fertilizacion,4,20.41062665904565,0.0,78.27948668953837,19.51847185206124,6.250528153993271,Reproductivo,2.0,40.615604705883165
2026-09-04 04:31:15.751503008,Fertilizadora,Fertilizacion,6,22.77441228247738,21.774961165774524,89.26295130922361,50.91113577420106,7.235264813773424,Vegetativo,1.0,10.931934014357644
2026-09-09 07:27:17.675350688,Fertilizadora,Fertilizacion,3,17.224984160929345,1.7256479875525947,71.49037622715319,9.18283584506236,4.646498502233497,Vegetativo,1.0,85.89518974867096
2026-09-14 10:23:19.599198400,Fertilizadora,Fertilizacion,2,19.08602030434477,0.0,77.37582727788416,45.7391160393916,9.720777080565451,Vegetativo,1.0,15.27941850698737
2026-09-19 13:19:21.523046080,Fertilizadora,Fertilizacion,4,24.158217414750723,16.44588968745591,86.86406881310816,58.11842197428424,9.437284700810668,Siembra,0.0,8.15312907449281
2026-09-24 16:15:23.446893792,Fertilizadora,Fertilizacion,1,18.346454838000557,18.244709562165013,81.21903408980589,59.76728382807954,8.958377825743774,Reproductivo,2.0,0.0
2026-09-29 19:11:25.370741472,Fertilizadora,Fertilizacion,2,20.466523693457475,0.0,82.61659514838844,55.809239803529145,9.35669694032831,Madurez,3.0,0.0
2026-10-04 22:07:27.294589184,Fertilizadora,Fertilizacion,4,17.022005705713564,18.279917801777117,79.66741120100136,52.89193229734702,4.880127221088917,Vegetativo,1.0,13.748526297170857
2026-10-10 01:03:29.218436864,Fertilizadora,Fertilizacion,7,17.57738205842337,27.484306084971124,80.0288330246977,20.33841234517516,7.022330638117996,Vegetativo,1.0,73.58551614756658
2026-10-15 03:59:31.142284576,Fertilizadora,Fertilizacion,7,15.802991382162991,24.24974392735531,83.59463068372575,58.16565994463702,5.90745495253914,Madurez,3.0,8.114779512255582
2026-10-20 06:55:33.066132256,Fertilizadora,Fertilizacion,3,15.240940857406398,29.71517119792497,73.83153909071716,56.03431265978941,9.324315647824951,Reproductivo,2.0,2.7142194329875604
2026-10-25 09:51:34.989979968,Fertilizadora,Fertilizacion,4,13.650887902430982,3.0899206046363545,86.64334705922745,34.39048788638526,5.136626094996799,Vegetativo,1.0,42.43092320163723
2026-10-30 12:47:36.913827648,Fertilizadora,Fertilizacion,2,16.12616135180904,29.275751913440082,70.1757652724784,27.11427099165238,5.319672130851834,Siembra,0.0,54.678152880039185
2026-11-04 15:43:38.837675328,Fertilizadora,Fertilizacion,7,13.185080330391653,22.291274224222533,81.97212778341435,11.009698945700352,8.120286738130066,Madurez,3.0,9.657753370444226
2026-11-09 18:39:40.761523040,Fertilizadora,Fertilizacion,2,16.46782293287143,21.636959280622108,79.9777510107632,37.48487428038186,4.533397954526009,Reproductivo,2.0,23.526114378323143
2026-11-14 21:35:42.685370720,Fertilizadora,Fertilizacion,7,17.402755673195326,42.41936858659258,73.21772749830157,43.53002716872087,8.394203061499839,Reproductivo,2.0,8.738083325625166
2026-11-20 00:31:44.609218432,Fertilizadora,Fertilizacion,7,15.923045297056174,53.08212715112214,76.44425232198668,27.219812074984095,5.608763729884734,Vegetativo,1.0,63.51610576602398
2026-11-25 03:27:46.533066112,Fertilizadora,Fertilizacion,6,14.643859239172516,59.21024420795209,72.80258881366014,27.33162583467925,7.965612191602884,Siembra,0.0,26.888698330548767
2026-11-30 06:23:48.456913824,Fertilizadora,Fertilizacion,3,16.493779786453302,54.13855934569902,69.86588436591495,36.53212648928671,9.238226718163963,Vegetativo,1.0,37.957176390087156
2026-12-05 09:19:50.380761504,Fertilizadora,Fertilizacion,8,15.100305366759706,35.750421021358484,76.13317099024354,6.528125274893899,7.657668239409944,Madurez,3.0,0.8127770720466323
2026-12-10 12:15:52.304609216,Fertilizadora,Fertilizacion,6,18.182699654808484,43.681996723355326,69.91756357071863,57.6826243012712,5.276102399716654,Vegetativo,1.0,0.0
2026-12-15 15:11:54.228456896,Fertilizadora,Fertilizacion,6,12.498740217641226,50.82764002567919,79.89601450633073,20.944813890319015,4.2949931532353,Reproductivo,2.0,40.674627151637246
2026-12-20 18:07:56.152304608,Fertilizadora,Fertilizacion,7,16.248080664761414,43.01783900360074,70.37123168213127,12.748997397288406,4.267683830170395,Madurez,3.0,4.367293809158557
2026-12-25 21:03:58.076152288,Fertilizadora,Fertilizacion,8,13.11706885784318,44.25320842296201,82.54063136386424,5.301861787402472,4.532871292084048,Siembra,0.0,70.05460320888803
2026-12-31 00:00:00.000000000,Fertilizadora,Fertilizacion,1,14.883357132953217,55.096008346403735,69.69426992818116,52.12903477621423,7.478907474818295,Siembra,0.0,21.658883264641943
