gdd_acumulados,humedad_grano_pct,temp_promedio_c,cultivo,cultivo_enc,dias_para_cosechar
954.977639715511,17.23926261303752,35.57978979340589,Soya,2.0,65.44986440241404
1662.3624180248944,27.544297276810788,17.321045713930474,Trigo,1.0,47.269793168155175
1667.83798240455,13.146401512794451,34.860296076536,Sorgo,3.0,29.77339470714805
1824.341986518459,28.516295061139353,26.44961683793335,Maíz,0.0,60.86318420452324
2648.9084797943324,17.48405529643434,24.85888108021944,Soya,2.0,6.8847496470011595
1468.9082564440043,22.384892385274647,26.51522049323492,Soya,2.0,68.91248625072062
2042.7272291673426,20.458321313679804,19.604744971137187,Maíz,0.0,78.67169189658196
2541.1316305016126,14.595327896299176,25.526768329852715,Sorgo,3.0,1.341856485172141
1670.2695574871893,19.94838490777084,34.54355576566915,Sorgo,3.0,28.3758708127339
3361.6859673587874,20.05287404074327,33.421970571032375,Maíz,0.0,1.8557367801388234
3445.1161143452396,24.008429697684285,18.75011629330057,Maíz,0.0,8.503520482364484
1123.11863275628,34.364085257619706,30.488682496968423,Maíz,0.0,79.23223952298042
1728.3136878821874,22.8104030177445,34.70725709420478,Trigo,1.0,13.827682935694419
1361.5245884774833,33.031801579550574,33.85465453823261,Trigo,1.0,25.7439171395878
1304.331908004211,22.615826146938772,24.78954619583517,Soya,2.0,86.89978499763427
2125.645563513355,14.473495920123607,16.106135327960665,Soya,2.0,77.36496818414737
2322.3331919641732,17.293516591346624,36.41689672839623,Maíz,0.0,18.14079703703504
1949.2605096135178,21.372906549324806,24.105357664505426,Trigo,1.0,10.017243727258018
1535.898157362874,19.48348177831425,23.302462656895905,Sorgo,3.0,64.856979014331
1552.278250484827,31.914073613247307,32.4688437230127,Sorgo,3.0,37.639324658187036
3478.746022119973,27.60884885052068,21.071360956316518,Trigo,1.0,18.770666207160286
3293.9289097736764,25.30109439412949,34.19920223284771,Maíz,0.0,9.270343162298266
1004.9268706712644,23.298279678443883,16.74918589884426,Maíz,0.0,90.0
2572.686760389539,21.137224220648537,32.03635761647285,Trigo,1.0,7.039426047526429
2033.5695402090796,26.08042611613626,37.21315828015523,Trigo,1.0,16.949178855966146
2659.7980624377374,14.865964805220763,37.902682328105996,Trigo,1.0,0.5337433710604809
2411.7939049594943,15.738263328988829,36.24750028147582,Maíz,0.0,15.418399283710784
3200.9814802225274,18.9716761281241,35.027535324345116,Trigo,1.0,4.920955273970199
980.8684485798276,15.937246178604711,21.414245162527795,Trigo,1.0,88.53625696751573
1743.914362555805,27.573270537570785,37.232912340484575,Trigo,1.0,19.236846881259346
3460.834139594079,12.569671392343642,36.341621657730116,Maíz,0.0,1.605110415555689
1292.1704422746652,15.684082308335253,27.290567661579292,Sorgo,3.0,64.56960115733783
1143.8002866679476,32.75998651847247,24.247786051054632,Trigo,1.0,58.318294514040694
2768.2244162015536,34.943492409108,17.51314683183833,Trigo,1.0,29.188059792073304
2899.0749320471514,23.21458099004614,28.58458378997787,Sorgo,3.0,11.635621300485525
2615.1385787215822,23.393511679500442,31.112556816010546,Soya,2.0,11.618140100401746
2895.7287376517984,29.788171531461078,24.291921413175167,Maíz,0.0,16.722278642385845
2673.0482446515653,12.832360285273227,24.338679894502235,Maíz,0.0,8.840115924697832
1166.5808421807774,21.8214940837225,28.18616198642899,Maíz,0.0,89.23792107434556
2442.199123191969,14.296041281744076,15.639034205864721,Soya,2.0,32.027298467312974
2897.5670429107377,21.221306801099175,37.03091561689523,Trigo,1.0,9.697055383827498
3136.894837076063,34.62790234596412,21.667831263224315,Trigo,1.0,30.14307966185758
1464.8351552460108,29.333565458477306,18.240489820684243,Soya,2.0,90.0
1144.0630545340541,34.65605514076002,15.12623311109558,Soya,2.0,90.0
2908.944197672965,29.15911839042384,34.7085054518714,Maíz,0.0,17.247779095883388
1492.6805315962965,25.98653165155153,34.85376964339239,Maíz,0.0,51.71850398370491
886.2095914663958,29.347079157326597,17.192051903907334,Sorgo,3.0,90.0
3028.076621853121,27.159108478332648,18.501549966442422,Sorgo,3.0,14.598663885638903
2166.176061289322,22.673518687743893,25.301751318928662,Sorgo,3.0,13.56425552696654
1681.9094575567392,18.72856568211983,19.27119598052526,Sorgo,3.0,79.00912077056479
830.8585841251827,23.964095364690163,31.92388614724541,Trigo,1.0,52.49628773158422
895.3841007114588,17.945349899732904,16.334914151231615,Sorgo,3.0,90.0
2940.0828305127957,23.193555968169342,27.64331464487492,Sorgo,3.0,12.924542760696637
2122.2058894051343,15.361114336184977,23.804205997619796,Sorgo,3.0,18.92073162599685
1204.2495331004425,25.00408727631094,25.693769124921786,Maíz,0.0,90.0
1767.965193572349,17.64152488867841,24.76941370699884,Maíz,0.0,72.33785092448164
1246.3238983513118,18.7529863906561,18.522661198297033,Trigo,1.0,88.21940170864417
1104.7801935870439,23.477647260994935,20.06647416209693,Soya,2.0,90.0
1546.0311158201878,15.738103819496358,16.49057707493981,Sorgo,3.0,90.0
2283.673078148473,34.13473732362614,17.651568231878638,Trigo,1.0,26.311659912881712
1367.0178410930125,22.279719254036152,37.49158091563504,Sorgo,3.0,37.324911574612976
1727.911919468871,20.102422281415272,21.435096668576794,Sorgo,3.0,59.31836410735193
2090.4133866824413,12.671521917129361,22.061587404809977,Sorgo,3.0,26.125441441910258
1934.0802957945102,31.394850351581358,17.923445599938784,Maíz,0.0,90.0
1147.295057627482,26.394180052046842,32.36877670342528,Maíz,0.0,73.91484467742397
904.937215946898,21.577318561349838,36.255284634307486,Maíz,0.0,69.42252207126691
895.7385627621351,17.647254384784944,33.16426235253297,Soya,2.0,74.26312806545376
1745.4833486752418,29.13816062953386,29.09016407698595,Soya,2.0,45.00425161090969
2740.765612050772,33.745915242058345,33.704357059043254,Trigo,1.0,31.16894168707192
1154.3893065690309,20.758623229996466,24.297295357455745,Maíz,0.0,90.0
2924.846314183949,15.102149572722318,34.76843916685581,Soya,2.0,0.1604953613841933
2732.320635147359,14.51147918727296,33.36593354167819,Soya,2.0,0.6545998521138563
810.6474253911503,12.146325363679376,15.039666817895338,Trigo,1.0,90.0
872.2192570509818,29.110975137749605,26.21926510310289,Trigo,1.0,70.18546764983994
1326.5896819527393,34.57209387573842,21.086181249822204,Soya,2.0,90.0
951.5264598365795,34.83480831333207,16.983357076456997,Soya,2.0,90.0
2234.626384229826,30.036536849887288,34.462508983198816,Soya,2.0,20.455723424690813
906.9936059377226,15.730226900809003,15.182842738925814,Sorgo,3.0,90.0
2967.1437625875737,34.4873174860018,31.793760547273287,Trigo,1.0,31.342268220177857
2130.9975861536886,19.53970918904487,37.72841878293528,Soya,2.0,17.03316386633508
2765.4767900156894,19.673251018328504,26.08645463424342,Sorgo,3.0,6.467447485635317
2826.896887526771,27.808749916526097,23.538532188652997,Maíz,0.0,15.531713612056969
2168.2626371096285,13.128131302712381,28.934157952918408,Trigo,1.0,0.40018776869200257
3298.4797658843586,30.992703787873864,33.50805003589646,Maíz,0.0,17.339268179456266
3473.650089409332,34.93783735921811,20.525795856831415,Trigo,1.0,30.20415835502279
1769.8796522392738,29.8266048960681,20.766132870531333,Maíz,0.0,90.0
1139.8331786729304,29.978559297768662,28.965094323997477,Soya,2.0,77.78716691338622
1780.7430823492405,20.977214423030674,36.61723587964902,Maíz,0.0,39.4154846345928
1403.0555219385292,13.51619194736011,21.86411944245156,Soya,2.0,90.0
2233.7153010667253,30.231350987391735,23.6653572542673,Soya,2.0,26.500356892769158
1821.6465233814838,25.73463599881041,37.846665933586664,Sorgo,3.0,20.591127079280813
2097.2134185743353,32.914789849807946,19.053109799749862,Trigo,1.0,26.944121353063302
2860.606455405204,14.667146703837147,16.770267872631994,Trigo,1.0,2.7050041937858915
1539.856631263001,19.017830451164492,28.564370494253943,Maíz,0.0,64.35891079883024
2251.1817565272586,20.295091535637887,15.55814073369756,Soya,2.0,62.80388793474682
1704.9353731874587,27.715433296527905,19.149964319320922,Maíz,0.0,90.0
2919.3943331257856,30.118138751372566,29.310811155880764,Maíz,0.0,15.254375075508872
2526.7489075007798,34.10346939744167,30.16878521590066,Sorgo,3.0,26.869749964083585
822.962772378649,18.79436464145555,26.739780741895252,Soya,2.0,90.0
2582.1386209840894,23.35363739697769,23.826205063275815,Maíz,0.0,15.221585975066205
1259.4374217797722,12.666101391869864,28.25254444170251,Soya,2.0,76.21841675636044
2756.079233548206,17.81872119650442,29.79787231976449,Trigo,1.0,6.970276469314898
2331.814400482737,20.602080686751727,33.480087064707966,Maíz,0.0,20.801417950207895
1884.0032298525716,25.65754275008531,33.233269048826486,Trigo,1.0,17.224797902088476
2673.9793588595976,22.829446352781005,30.2904176068438,Sorgo,3.0,9.50933189887628
3112.8018718457065,20.38292637487094,35.56734941425471,Maíz,0.0,6.403246433585068
2902.608027427598,26.35379323017486,34.27458083269463,Trigo,1.0,18.8515274902673
2272.5240467441504,31.05816057369101,18.064658189012626,Sorgo,3.0,20.387333091467852
2751.27466470073,17.558666058650154,37.00362715044012,Trigo,1.0,2.983655237888025
1917.5692968604346,19.886145222989484,35.51007295331217,Maíz,0.0,35.44171837412799
2930.3705282204473,28.21324394280146,22.381325128683073,Trigo,1.0,20.220830509184417
3038.440107381609,29.892633771446196,15.464241627961908,Soya,2.0,20.56035528021817
1170.6933595662765,30.98412804989689,28.891446775440613,Sorgo,3.0,65.7150071298398
1442.684670903655,16.814618034631657,25.083604267926923,Soya,2.0,76.32316917177874
1528.9695908427277,24.40314010862156,32.240033239481036,Maíz,0.0,57.94655986590967
1248.4206412516473,32.70025526608154,27.06579458369832,Sorgo,3.0,68.14141144657084
1859.844518623036,21.01486046710431,16.759280010771775,Sorgo,3.0,79.0007723104896
1321.1896709139533,21.88731107509578,20.627810665859844,Soya,2.0,90.0
2407.9561395018454,34.65092770971577,35.29804639091018,Sorgo,3.0,25.89732481849876
1074.361695823563,14.600210858747625,15.866863001446152,Sorgo,3.0,90.0
1528.7817131722422,28.228845757617627,31.9434023961606,Maíz,0.0,57.13327840890893
2596.9057440551633,31.554234921940512,21.714700682882942,Trigo,1.0,26.773940101624426
1876.071832460043,15.4682508825824,25.410715469977433,Soya,2.0,46.55477788011168
1937.9494030042008,28.43242442816646,27.213124933966995,Trigo,1.0,22.67641395394132
2954.398182987651,22.80397910624017,20.751871218065624,Soya,2.0,15.25234031419482
3458.1811938856636,31.616490347516795,29.995090188946243,Soya,2.0,24.058336076885176
2325.6830147863748,32.87140328722584,30.949171016251153,Maíz,0.0,18.259831825278447
1013.481362951741,32.06715277255519,16.95636803242783,Soya,2.0,90.0
1077.838030403817,13.480858164317294,23.600322744582673,Maíz,0.0,90.0
3414.9519494794235,29.407671366744406,32.12067792774471,Soya,2.0,20.711679475651167
2633.934264420873,33.19513422467408,31.597663876346033,Trigo,1.0,26.538543161733518
2831.666619501312,26.29101413543141,27.5258769098205,Maíz,0.0,11.222085175710115
2624.562145750962,25.820149391005273,32.886519936964326,Sorgo,3.0,15.974574480333859
1284.967524576914,13.035123910156553,17.475832539916397,Trigo,1.0,90.0
2010.5778342268575,31.688759510736585,17.71885916042419,Maíz,0.0,90.0
2954.817181572287,13.067281899070714,30.122253906815928,Trigo,1.0,0.7413301789177433
3139.179999943598,19.210720946847502,30.946678961587963,Sorgo,3.0,4.1228981238564195
1440.8058898152044,33.29485050160596,33.73411767238461,Maíz,0.0,56.68198637344936
2409.0968352513155,33.84413828277878,19.16384818878491,Trigo,1.0,29.19118210152266
1224.1751373938241,34.81371243094622,26.88574816691542,Trigo,1.0,47.17618109553907
3387.3475574287295,22.957252569096383,30.199119834118395,Sorgo,3.0,11.434121270117565
1480.9515802797164,16.08087956676325,20.145090198067347,Maíz,0.0,90.0
2761.914847230521,23.22272319706893,26.889340908661787,Maíz,0.0,7.723841923276609
1424.004949412507,14.353197276910132,29.68423556098371,Soya,2.0,60.619048699152756
2463.345645772062,32.06833050630931,19.93233876398665,Maíz,0.0,33.31882409822433
2580.013628961173,24.89235636512961,23.63795843575325,Soya,2.0,13.858099042338152
1686.7558793278322,21.30363568083537,19.975792633121284,Trigo,1.0,30.191017626102585
3010.851436650338,13.8292061570585,35.76768680185777,Soya,2.0,0.0
3190.5014252681162,21.3205355667825,20.44637428438981,Maíz,0.0,5.736932947091165
3108.6888116857867,31.922406992972505,17.77919639767333,Soya,2.0,27.491904804747445
1693.155192554737,28.178336446975894,15.808572165124305,Soya,2.0,90.0
2809.7186993341656,13.896476902752232,16.033929865461054,Maíz,0.0,0.0
2310.6250381469054,15.677865593702045,19.406483404236788,Trigo,1.0,1.8601571025509003
2400.0964761284313,21.023095286272607,28.9887957600599,Maíz,0.0,22.252048435877402
2089.047730197847,14.33162690177613,15.405947113755822,Maíz,0.0,90.0
2420.7050995159534,33.48294741584523,21.595110269414384,Soya,2.0,27.18818352021484
1166.2662266965249,27.002717026510147,16.337838500435886,Trigo,1.0,90.0
1903.8875294171294,14.180929029990736,24.284151716880856,Sorgo,3.0,35.45678285872223
1279.713757367454,30.125321634750595,16.117264970086726,Trigo,1.0,90.0
1556.2849336228496,20.473336357154686,28.973460862279044,Soya,2.0,54.02814104437391
1145.0992469897612,17.632024824724077,30.833758106937353,Soya,2.0,69.44454245688206
1373.738134099454,25.109653664612892,31.82076364180656,Soya,2.0,57.887512112087585
2911.208990626833,12.30755906177245,20.15989816886387,Sorgo,3.0,0.0
2284.5584478797095,22.704146182397864,34.97550372512009,Soya,2.0,11.367548193106913
863.8364199830345,31.4075148411889,30.876627848611307,Soya,2.0,85.04140636929736
2929.016106265712,33.34532470766807,16.30295504389587,Soya,2.0,27.749840395839815
3255.5646690096246,19.878758201578115,25.137634300132824,Trigo,1.0,9.402857147322328
3177.1590446131218,26.776041527796018,32.65839934756707,Soya,2.0,18.854115761859983
3022.145583757969,17.216939082483172,22.150560314565283,Sorgo,3.0,1.6854825751064664
3478.9843955625297,24.88490063264831,23.77585179986709,Soya,2.0,15.02740936791761
2383.285279952419,17.842637701523348,29.480888027820484,Soya,2.0,12.371815534813189
3398.986596990243,25.141199698431414,16.27606024266565,Maíz,0.0,11.945218706618753
3361.879427753854,15.949608697744312,37.2395059316821,Trigo,1.0,4.411437803016019
1645.7445723592862,33.64834880549709,19.01306324402374,Maíz,0.0,90.0
3131.2711413508514,32.399101957367705,15.613455991863987,Maíz,0.0,22.52751218014893
2939.676197008698,19.749119737323316,15.122428586929665,Trigo,1.0,7.676125314879699
2894.656698982931,29.86324644527368,24.189750624986104,Trigo,1.0,21.52923632978801
3219.958082488189,14.196595006840475,35.33782740593369,Soya,2.0,0.026858464619397282
1837.3130267848308,29.02830090022475,33.854527822012365,Sorgo,3.0,24.834959727936965
1880.148407895931,18.496559981092197,35.97705335974298,Sorgo,3.0,20.822650091777426
2528.1412348498184,15.119760679544832,27.276993344564676,Trigo,1.0,1.216578495854073
2792.0722520987238,27.598398011783114,25.32116337912878,Trigo,1.0,20.68278167429284
3175.290177175559,22.805556809845953,23.874802450456272,Soya,2.0,12.789157742347657
3164.782365780061,24.19321083980021,16.067615743200037,Trigo,1.0,13.702272572834095
2747.6169858429016,23.97218503517218,35.91898889501853,Sorgo,3.0,10.326782840093948
3383.6105001181113,13.36730358843845,26.412050122548735,Sorgo,3.0,0.6153522666324298
1282.2972711548541,13.18174572913157,25.466550914184733,Soya,2.0,85.07315813346162
3365.9175873862328,25.82685259080623,26.848852201324696,Maíz,0.0,9.117960256745588
973.3170014907782,26.34888677417458,33.265553916626615,Soya,2.0,71.18882819356561
2300.179079218179,13.085014799847636,20.16283497759897,Sorgo,3.0,9.10174052772202
1043.5317839219301,20.70410463341981,31.327715616883236,Maíz,0.0,84.74431397931092
2333.602633034968,26.09557942988983,31.347704039642757,Maíz,0.0,19.74317442858771
1853.2962236304425,27.103655082320756,34.53971399193821,Soya,2.0,30.157318488134635
1020.3454650564445,31.050342463360685,15.19972276466901,Trigo,1.0,90.0
2549.9153735653085,21.676842522728258,18.91909749440804,Soya,2.0,9.503784109045789
2774.234598981673,24.60992896638028,25.834077597029378,Trigo,1.0,14.426855305405693
1270.3006167739495,25.306888639002796,34.562428911614006,Sorgo,3.0,48.64883473337234
2674.979142133676,19.177041515907337,37.19768781744364,Trigo,1.0,7.610828849272594
1283.428382698879,13.237984256157066,28.68197813762623,Trigo,1.0,37.16874111389236
1170.9704131512465,12.097196302717407,19.879081434729464,Maíz,0.0,90.0
1197.8808196168134,31.230884570726072,19.24544800396685,Maíz,0.0,90.0
2417.511866176704,16.605331918014887,29.707210941684153,Maíz,0.0,18.603842339375884
2902.7351819418286,26.495857275660118,19.831590382366308,Sorgo,3.0,14.043549846163607
2411.612993979297,25.272092008810148,27.721010750180383,Trigo,1.0,15.76691252466277
2985.248923149262,21.191560765031937,34.20067437030975,Maíz,0.0,1.1510968208204186
2396.9888208899965,31.17034610011458,23.96585191462807,Trigo,1.0,24.391543464736742
2952.767367840914,28.063236700947716,23.704860364064373,Soya,2.0,21.631932806931687
3436.6107530599115,12.523053659100977,15.831227748494697,Sorgo,3.0,2.434261871046293
1855.5914815142064,29.86396368720375,20.843945303764762,Sorgo,3.0,47.362246717905705
1204.8438777026158,23.660972814040534,31.05840357124331,Maíz,0.0,74.54705855416387
1165.5713916033856,19.981443648905476,23.288998638040518,Sorgo,3.0,90.0
2413.189510972815,28.718347099768593,18.640875097668204,Trigo,1.0,21.244792283815038
2277.178277809423,27.779509481864196,17.432657876487525,Sorgo,3.0,14.998211986562744
1297.435522063483,19.14352947098583,17.186227697466304,Maíz,0.0,90.0
3181.683399202718,34.60989404445127,30.160068961711588,Soya,2.0,29.507989485316145
3383.2205948263086,26.920295194370325,29.09029401225162,Sorgo,3.0,15.415702272294505
1483.6822363789147,25.93293338643955,26.925983128847953,Maíz,0.0,80.15812859870603
1358.583913432881,13.607248360080757,26.507508307660206,Sorgo,3.0,63.06334715895492
1377.5890012303776,18.424331947928962,18.522147611821048,Maíz,0.0,90.0
1846.0381301666705,22.280402053508155,26.513897169482007,Sorgo,3.0,32.418995717282165
3103.713373307155,26.50439119912256,16.378568861808738,Soya,2.0,15.807662901164939
2409.093646841018,23.79356350679869,36.294744547861825,Sorgo,3.0,10.218119705313214
982.3942656782087,29.549757469842,16.334633742059957,Sorgo,3.0,90.0
2077.0435299645815,18.039057386761744,24.741194482560125,Trigo,1.0,6.719613403518641
1043.8955441758499,28.14961089149714,15.013134297272961,Trigo,1.0,90.0
1896.7781078227883,30.781732078496738,33.08146009201462,Soya,2.0,29.002398650166402
1889.504384218956,29.596149438407927,18.82191433631949,Maíz,0.0,90.0
2550.5521974160433,29.72947144552477,36.2730684098986,Trigo,1.0,20.434133582136127
2283.5257108003725,32.4356623170298,16.011488200792982,Maíz,0.0,83.56396292976163
3161.8379123155323,13.936106477051258,33.87810869498182,Sorgo,3.0,0.0
843.9429931967753,28.03540614160437,30.10266969475853,Maíz,0.0,90.0
2889.7968196555526,34.2795986256786,20.74392153437548,Trigo,1.0,31.81769652812978
861.1775205807727,25.193964947114377,19.655651012303682,Trigo,1.0,90.0
1621.582536886188,16.99827517564103,23.226592467671516,Trigo,1.0,27.59905323478696
3175.090473084821,34.9713375328069,34.05326631303316,Sorgo,3.0,24.641367700313047
2664.1182635282285,16.017577734894015,34.82500061171548,Sorgo,3.0,0.14215713812871966
1264.3910315885869,19.717827039621763,19.031563729059492,Soya,2.0,90.0
2125.118269102246,15.95743033359486,23.129304912739606,Sorgo,3.0,22.12083732068794
2749.1412886405615,22.68379598125157,20.462301829751837,Maíz,0.0,8.057198386061419
3330.8269676167292,21.63414822105204,17.82078549567165,Sorgo,3.0,7.7526502964345365
2512.66723788915,23.298540619743175,29.868335913165346,Maíz,0.0,15.295885187781872
866.6236108689037,33.34361820127488,22.95503353441731,Maíz,0.0,90.0
2149.195021179966,23.001460874187178,20.183833029855684,Maíz,0.0,64.71126383578256
1212.9964257612348,23.836405502913813,34.91794879054545,Maíz,0.0,62.92832580224408
929.0047862822876,32.39368843612476,32.21131241078203,Sorgo,3.0,66.91648612141987
2415.9787136402774,30.808433862341143,32.796506420015874,Trigo,1.0,24.57980036270111
2897.689136778146,17.513606718185216,15.901505497215444,Sorgo,3.0,2.265500750235762
897.3634998402916,12.297296970263554,36.04800033231452,Trigo,1.0,43.522755757080866
2915.6910316069025,26.478490620647175,28.218982693407412,Maíz,0.0,9.756530851026366
2707.2472754910737,31.43154594826296,26.58746450774393,Trigo,1.0,23.30483417018711
2830.3645980545757,24.715552590039202,15.243462958638966,Maíz,0.0,9.18855704686931
1460.7666063323913,16.85706916029544,35.64623083998441,Trigo,1.0,18.86093896919594
1862.7077298322586,29.051167085532057,27.509480821178013,Soya,2.0,41.49787751943384
1123.3272334594913,27.399403500059208,33.97852963383231,Sorgo,3.0,52.68038367581293
1445.0055656330596,24.995748360396718,30.076752096980755,Soya,2.0,59.49347402720977
1617.5321129890613,31.856732002482627,33.32395311075025,Maíz,0.0,50.911376620245825
1662.4789267493225,30.037574117597753,30.937430216829455,Soya,2.0,46.32141949010915
1272.607697861392,27.362898102723946,36.18216975372401,Soya,2.0,51.150842836298786
1309.5218547920872,27.28944938753402,20.186136285809642,Maíz,0.0,90.0
3233.9700794388323,27.230660588860324,19.648302408856864,Sorgo,3.0,16.244376052848803
2916.5127600021356,24.07878913308097,31.388455924737805,Sorgo,3.0,12.635266833871077
1730.0897994268807,22.670197826808483,26.532080413419784,Soya,2.0,54.40962589828076
3358.637556598594,28.320810568470552,28.780706917702013,Trigo,1.0,20.25983571769914
1445.0913245392744,26.041373073815315,31.29647679139822,Trigo,1.0,23.585094478069056
1898.4152243151368,23.26955293291249,27.59084853100006,Trigo,1.0,10.66551508945642
2996.5183408733405,14.913211139953956,33.11694929632252,Maíz,0.0,0.0
1995.793199549792,28.144362139022807,22.333949186524606,Trigo,1.0,16.699379375453482
1433.488371851994,26.857967123293204,34.75678020279292,Maíz,0.0,57.8901265211892
1795.0457625780186,19.871713797390584,17.476556117288816,Maíz,0.0,90.0
2151.94689541164,20.195432822946763,29.582091470107297,Soya,2.0,21.927257921201523
2475.739835882911,17.674614835110802,35.47304767311634,Maíz,0.0,11.06506801385769
1895.1375488701128,34.12405089639543,20.811964941739205,Trigo,1.0,30.290822781671924
1964.5216940239304,31.78463134598062,22.517197523249997,Trigo,1.0,23.736160475067237
1512.6477545638481,24.904127676480986,22.025160905332996,Maíz,0.0,90.0
2245.4377057270112,21.238022370845826,27.978065370825774,Sorgo,3.0,7.448351768695366
1392.531831177775,28.946981065017738,24.496051757998416,Sorgo,3.0,69.67061868173028
3142.3207888918046,24.137748050897933,17.483063554882754,Soya,2.0,15.413693374289576
2817.891089719014,34.44457378004762,35.49960610039858,Soya,2.0,30.995542321620096
1907.753268718297,13.267820120209555,19.707562470649506,Maíz,0.0,90.0
2817.5151869886886,12.788571883229928,27.283840252736184,Sorgo,3.0,0.0011605638521124692
818.8890428853072,25.078053413387586,28.680512606557016,Sorgo,3.0,86.17037451872213
1730.1209011344708,16.675422121844854,15.937292403893458,Trigo,1.0,44.44841175850716
1988.8130999963291,25.898995761654426,17.201383536049757,Soya,2.0,82.1394618458682
2068.455970373383,29.97272965658508,37.348863339879685,Sorgo,3.0,18.954345758984356
2821.5749898179147,15.176524507252076,30.283783823435797,Soya,2.0,0.47135852465996253
3399.5800544166273,22.133989156359142,15.77199907206782,Maíz,0.0,4.95771818710001
1825.9922521955682,27.83934291933517,33.266582075018974,Trigo,1.0,18.331427790901696
1746.6195937252617,31.17886212547834,26.696484613382168,Maíz,0.0,62.39828724119566
2448.3911117670696,23.415914070836216,16.72959015780494,Trigo,1.0,14.381331636620676
1559.384758317263,16.741532498838495,30.6572982550992,Sorgo,3.0,43.266263427887075
1181.645901301011,25.473382878469558,26.485091534974778,Maíz,0.0,90.0
3396.1603503289366,22.45389258067499,19.713155425551236,Sorgo,3.0,7.288244603470297
2985.7308833843595,29.754284821103173,35.18715225804285,Trigo,1.0,21.318951784912283
3387.948793165145,24.778249476667803,21.701736740905844,Trigo,1.0,16.546112068537465
1388.148772446575,18.42672543431991,21.54480261542608,Soya,2.0,90.0
848.0848804181106,29.351037153587328,21.27379238122241,Maíz,0.0,90.0
1980.6062544928873,23.908181298125072,32.65148287304818,Maíz,0.0,37.24905554346395
3320.7442000772694,16.08357070240153,31.240729418752238,Trigo,1.0,4.411114974372283
1173.478414953749,24.950663432265873,35.77235076581822,Maíz,0.0,63.08296699192112
1116.4009116534157,33.811361376455075,20.27480205043843,Sorgo,3.0,90.0
986.1725174637736,28.226874001567932,33.08638569748459,Soya,2.0,70.30927973347086
2865.5485971163316,18.872477313533516,28.180048260146208,Sorgo,3.0,3.753636706654744
2922.001641350555,28.350083031735736,22.09963102201136,Sorgo,3.0,17.28145589394429
2677.5153502913527,18.499945153050113,15.815445045378265,Trigo,1.0,5.659892747883122
943.8879818303075,24.481843263449022,33.83579364657553,Sorgo,3.0,62.47677778072244
2752.8785067010504,24.111702567113714,20.544641544807195,Maíz,0.0,9.105824006795496
2011.2977828465555,17.689990214971484,29.530089832943148,Trigo,1.0,6.824965915650852
1226.3149392288333,20.001267597235817,27.62396252937569,Soya,2.0,79.94865520708053
1596.8402283084256,33.67017346007905,15.102339388876029,Trigo,1.0,79.70316244775434
2153.096467818995,17.763766337554973,37.86990348861454,Soya,2.0,15.275629852409198
1690.0589751281389,30.423622003512676,33.72957518340296,Sorgo,3.0,31.478472261416602
3418.3229122022994,27.34952334027922,26.188839224643687,Trigo,1.0,19.769244682387846
2081.802702609438,24.250470048092584,30.64785151557481,Trigo,1.0,18.548580305343723
1804.8063776807878,15.16284199769876,25.96166744158777,Soya,2.0,50.28411123240483
2617.5466582136987,16.705127312246688,32.12548423941081,Sorgo,3.0,2.0538567903021088
2556.47165351097,16.11648534257929,18.089556553834562,Sorgo,3.0,0.6020434692001739
806.586057094222,25.496267956396302,25.266072890382695,Sorgo,3.0,90.0
2469.878985412006,34.387813524524994,22.71735507267578,Maíz,0.0,25.570120256200763
1458.1762318763908,32.17650304382488,25.5720706003628,Maíz,0.0,86.60998152527674
1813.1308322873883,12.580793307380278,25.360871015788376,Soya,2.0,52.007320232150526
2707.14200498408,18.29571236263397,18.29116084492147,Trigo,1.0,7.868313796086596
2304.9427967288784,15.61692155555151,37.45923712630767,Soya,2.0,11.208556265819706
1795.3688892187618,34.44059036365174,15.356319284126945,Sorgo,3.0,90.0
1252.007949960235,17.419035395749745,15.231677730800174,Soya,2.0,90.0
2164.8019055689338,16.630203255892262,23.58915032627413,Trigo,1.0,1.7730278083484605
1662.2882634694488,26.280131752391963,29.268656034976804,Sorgo,3.0,40.777404108142925
3264.9050827018027,24.79229142222009,19.13202421674335,Trigo,1.0,14.605798754318855
2242.7359287804366,17.1945841269684,27.263462089795702,Soya,2.0,22.145970883044104
3138.102784260114,27.41839188435657,31.623755263160014,Maíz,0.0,13.869671835244615
1853.4887769054806,14.23116585977785,17.163394007923475,Soya,2.0,90.0
3034.0803422274935,12.445488518710519,37.641715384366464,Trigo,1.0,0.0
952.6496358646123,13.895540186245977,22.74411489800377,Maíz,0.0,90.0
1604.9213690336405,20.39196919744277,29.775554517106727,Maíz,0.0,58.97931423546942
1011.0750192206883,34.4253755411208,17.54655673829124,Soya,2.0,90.0
885.4554879301595,24.58668097261537,31.318186940590508,Maíz,0.0,89.9789781743331
3280.928062372421,29.358700369355745,34.33049598243718,Maíz,0.0,17.914616432646827
2735.5456098791356,19.394402301325865,17.421558273604315,Maíz,0.0,10.762112010467863
2487.797174064871,28.54479850611657,17.894852550511523,Maíz,0.0,38.92884130106656
2237.730585411949,34.22216755681422,21.464090530906237,Trigo,1.0,29.524069444340654
2337.7958977854732,20.228500476487227,15.274523753632574,Trigo,1.0,8.965373986790203
2524.4640297434244,34.97836699890557,37.67917976975629,Soya,2.0,28.233275008196912
3031.765445798279,26.68342887372832,28.762833723910944,Soya,2.0,17.84096414146979
2411.599100647926,29.217602486688648,28.974557349161547,Soya,2.0,22.620692009199768
2821.1680603993827,17.79984649350745,37.05612990198763,Sorgo,3.0,1.8226653939229256
1558.6407399402842,26.791087691076555,34.13667284934682,Maíz,0.0,50.94315678194023
3437.256692104475,23.75314378363491,33.72758741227204,Soya,2.0,13.673012264971407
886.1224627799782,33.99726084598103,22.80855450773739,Maíz,0.0,90.0
1843.7568072487518,32.807526099158856,22.701858049686845,Sorgo,3.0,41.04119624303163
3181.5337890600003,21.123469775276774,21.709973075690876,Trigo,1.0,10.928850341793424
1287.4119992527135,33.77800428537937,22.974002520855358,Trigo,1.0,54.544290928677924
1181.6128509208766,32.35068871325022,23.498701511276565,Maíz,0.0,90.0
1786.6630706297665,25.5788285584902,18.220084846553647,Soya,2.0,90.0
1956.1256913954344,13.888711902159427,23.186800842148152,Trigo,1.0,4.3282025495871785
3320.1639637866647,15.698175535169367,25.275181810628734,Sorgo,3.0,1.0867853910308412
3057.522743713817,13.768107627497406,22.114988791173147,Maíz,0.0,0.2790256836521296
2053.042021764388,14.483841636928403,18.8029802676236,Trigo,1.0,2.330314313154088
3427.032772380328,34.46990461104079,23.588439158105444,Sorgo,3.0,28.288827508423424
2534.1516912294737,16.879847881971504,26.060878783978026,Sorgo,3.0,2.4814894585994987
3158.8785763511064,27.88965539383525,31.57675289334395,Sorgo,3.0,16.165933314472387
1464.3538473144285,26.6401499267037,31.35846851391742,Soya,2.0,53.9124293170413
2120.2030006099535,26.51633189161909,19.661985714916455,Sorgo,3.0,29.707340945777727
880.2364760623699,16.754191990708684,15.843074088869454,Maíz,0.0,90.0
823.9765218194119,25.32497167084602,21.987389001562594,Sorgo,3.0,90.0
2704.723696536554,26.387382040453886,18.61413501175587,Soya,2.0,14.662096625729435
1119.3927806571219,25.119322282837555,24.103135021960963,Trigo,1.0,62.54531280335459
2279.0822401992073,16.28173674734061,37.5249607405099,Maíz,0.0,19.37234577749127
2679.220201967054,28.630393732718307,19.164641530820084,Soya,2.0,19.12789010883325
887.033382820026,13.684592724079753,22.334100698728285,Maíz,0.0,90.0
2011.6017776933413,25.597600271851306,31.677629275350164,Soya,2.0,27.371434748886557
2647.2102298617674,22.033964645230206,26.7112040058242,Maíz,0.0,11.16713295997452
3202.273667208095,17.756591642060695,16.010347302187853,Trigo,1.0,5.922363293633523
1607.9212716244724,30.569946747601193,18.7188704177104,Maíz,0.0,90.0
3430.3846301476915,16.04552903346023,36.510739759783505,Trigo,1.0,3.609606153449838
3080.262049081183,33.45858047765287,17.372794832997656,Trigo,1.0,28.803138153240827
2556.714694621007,32.3449956513873,29.60713410582323,Maíz,0.0,19.67141555172278
1858.1988695645541,20.293513584727908,33.22348992334096,Sorgo,3.0,21.16673608362687
2719.9980157386462,19.018517409747645,21.10509844267325,Sorgo,3.0,4.462611824670831
3003.7218264899543,15.16219371863475,31.67679407218987,Trigo,1.0,0.15900978793250875
1618.9096621937047,33.075539766480986,18.907589117694144,Maíz,0.0,90.0
3480.641175248979,26.433232752935254,21.54925632117718,Sorgo,3.0,14.293853197839047
3253.272298337525,12.731022389298273,22.17190671033677,Soya,2.0,2.586901659739948
2110.853888925891,23.752986534917042,37.91800478297714,Soya,2.0,14.334573921942104
2751.640772593567,13.9733758000759,19.935162790013017,Soya,2.0,0.20219340621772197
2214.824015470711,25.196265753915362,17.971771686572456,Maíz,0.0,75.55010302286674
2854.5124909319707,23.70611952137869,36.29090306207244,Trigo,1.0,12.53042855671004
3032.8519504705496,13.905459046562607,18.724405957868115,Maíz,0.0,0.0
862.7008989240148,30.764793641685774,35.22343815147632,Soya,2.0,68.2718260339163
1013.656480191753,18.033295074824387,29.96050243587387,Sorgo,3.0,68.42868838929208
1708.462022867163,24.45414037583408,28.26781445562193,Soya,2.0,49.17069093537255
3277.556808107344,26.69789416250229,32.280790365571264,Soya,2.0,16.196716402076046
1875.338674487152,34.13300427222883,31.697976014405153,Soya,2.0,33.2311929970183
3196.2829810451954,23.357668936236458,17.542102356621214,Sorgo,3.0,11.2849469797218
2048.571564105733,33.09826276262224,37.987720539353845,Maíz,0.0,26.52586375600969
1579.9028848412481,20.161718850997076,36.66346370832076,Trigo,1.0,14.255227930469193
3231.741994268737,31.721055637949885,35.62161514582407,Trigo,1.0,26.86107186640209
2313.8110760804293,17.424003219882586,29.312650080675358,Soya,2.0,15.91411424059976
1773.3075965811115,28.27203453601461,27.024200620643228,Trigo,1.0,18.82684000877954
919.8989097951054,14.03807585636492,27.33440742927837,Sorgo,3.0,83.44399509600036
1099.5194576102044,34.679158203724164,15.343549717249346,Trigo,1.0,90.0
1176.1378846321322,33.94053719683446,26.48779854474519,Sorgo,3.0,75.04626182607227
1785.057984108637,22.170913685899688,29.346700056178157,Sorgo,3.0,32.19872915857783
2439.7989805097286,24.05051001377583,30.150242801823815,Maíz,0.0,19.06088978686971
1630.4933089392107,25.74882183331451,22.6392076961802,Sorgo,3.0,60.393284839550134
976.9246111649605,18.32586387286241,25.83949405675164,Sorgo,3.0,88.45638630416843
1514.9835907568013,27.51284300971874,29.63514395323921,Maíz,0.0,66.82298520318031
1903.4404574289474,28.066924771903867,24.85102673632918,Trigo,1.0,19.26543404682878
3479.1288074152885,24.07675932348134,37.129109576621076,Sorgo,3.0,11.81804968875431
1861.0646428275345,15.398035927160008,31.225168526596008,Sorgo,3.0,23.066447396557468
1040.8276306180987,33.1412767095068,15.029296163770482,Trigo,1.0,90.0
2369.0099990796202,14.646036893949152,15.535428074091818,Soya,2.0,43.2434779777876
3283.028196090982,26.470959880341763,30.87690467977261,Maíz,0.0,11.026959407626304
2924.078386926725,14.371037722024369,24.49083724354656,Soya,2.0,1.7518096207834901
3057.789434805539,15.36031631005722,34.307831831882126,Soya,2.0,0.0
3306.2258494762923,12.472381222663067,18.979354418184027,Trigo,1.0,0.0
2518.667459140953,20.35737392870547,15.318019023202712,Trigo,1.0,8.824930786476331
3486.2913727644464,26.71039898170687,23.925894052615384,Sorgo,3.0,17.914380428880566
889.8602386750572,23.995517053856055,31.929474399071324,Trigo,1.0,48.86958711710184
3054.067125587618,27.514400478715174,37.34973786768408,Trigo,1.0,20.31277634133517
3113.9288077101064,27.525433800031916,35.32403922507427,Trigo,1.0,20.907445957633072
3275.0910550573053,15.22399611186749,26.133716074554194,Trigo,1.0,0.6663314032300014
2091.0575356167924,13.318760278699457,33.694797513516434,Trigo,1.0,0.0
2926.94099377562,26.383237229997405,16.617600530955123,Soya,2.0,17.90278206071415
1326.7170776271855,27.02415901443058,28.162263994452317,Sorgo,3.0,56.87188783685651
2428.4516079811788,24.804185908259203,36.25886349933281,Soya,2.0,14.751896479721115
1768.3419113813457,17.652536725453626,24.11685839228702,Maíz,0.0,74.994031863292
2409.668856787334,30.64759999059184,37.08231448225166,Trigo,1.0,24.566267917142117
2624.013369327411,13.740778356413912,20.075757224769422,Soya,2.0,0.0
1737.085400214683,26.543171154391267,17.429577619268052,Soya,2.0,90.0
1383.8434081177543,14.769465325225559,27.069533729879126,Sorgo,3.0,60.401782719680305
1668.5573539202037,27.05229747796428,35.86667805556816,Trigo,1.0,19.804754476099856
2592.684561790095,21.607693119940418,22.159422031129118,Trigo,1.0,10.033511807417659
2627.5604309165883,28.516370275066443,33.4036873461759,Soya,2.0,23.039753236442998
2801.5557272650667,13.200420656969499,18.89153711524646,Maíz,0.0,1.9745223018069915
1141.6488431463063,24.766908735048464,32.14811910802161,Soya,2.0,66.86125912665774
3009.9969536870462,15.33219167424183,27.811619651910913,Sorgo,3.0,0.0
2657.99906416058,27.694777527040895,19.02539043407056,Soya,2.0,18.03363203561682
882.3637070647258,14.758979520168696,31.516006737065,Trigo,1.0,51.45450511484681
1706.114193474637,13.692416427894294,31.416390609497828,Sorgo,3.0,32.49090254343024
2060.120390947488,28.401824358223088,26.855010270299125,Soya,2.0,29.378070868913028
1773.6672240444,13.461234495070494,20.185755665781517,Soya,2.0,81.86835011552049
1117.0255981627154,17.16420881242487,18.04275952163492,Sorgo,3.0,90.0
1359.834968163519,30.968909533890457,37.01686611457515,Maíz,0.0,54.170858034064175
866.3157662573578,30.622831079589204,30.08368837996057,Sorgo,3.0,75.35059070736958
1051.3083356519196,31.64489242895785,33.61255412218783,Soya,2.0,64.39603342593585
1519.0103178562708,19.500297460540416,31.030322168155557,Soya,2.0,51.85125841277838
3013.9197172164727,24.145104661254813,34.077894299422645,Maíz,0.0,8.548765371642462
2221.9212768304405,29.786989109941494,18.737288854225238,Sorgo,3.0,21.046024036542928
1946.1443048659862,15.15066684525485,26.429855164582023,Maíz,0.0,52.87234603921898
2587.8399486880826,28.66099022196152,30.343869721552746,Sorgo,3.0,19.72496468185845
2262.078512877514,14.242186036077056,17.377967697590012,Sorgo,3.0,16.995511112220576
1155.0876022401908,33.00476399841796,18.44900983455339,Trigo,1.0,90.0
1401.0830823253118,26.658134197767396,29.58159966777177,Trigo,1.0,30.04048671353553
1400.8103746746406,23.346022191864385,34.98023349783786,Maíz,0.0,55.86391879816828
2419.8717840533236,23.148772857344778,30.189572115656745,Trigo,1.0,14.366288789495657
2046.3857887112354,16.17132710043294,15.832710709489739,Maíz,0.0,90.0
1846.479668914305,19.956099566457034,37.31995709307743,Sorgo,3.0,22.358324348497025
2302.925766780828,28.72384430229443,18.208658720843637,Soya,2.0,36.82873550727777
3419.3126216129044,24.441703279650937,20.348931371707263,Maíz,0.0,9.037408070510505
1648.3223313508674,24.174042694306046,37.42424748380866,Sorgo,3.0,27.029918195293494
2204.5276708104966,16.490655574548327,32.73375892302762,Maíz,0.0,23.591174604381848
2096.999042239112,27.87833317493473,36.54126364870565,Soya,2.0,21.835792817254664
2734.936185713781,21.01677972441106,33.552252934584686,Maíz,0.0,3.826837699908722
2771.7837235538736,16.203326784086286,29.9898929250736,Maíz,0.0,2.170372732840348
2768.4909478152094,33.70704928671557,21.544718973849136,Maíz,0.0,23.457136626778755
1344.1028658346108,23.656371177908916,22.518273159089084,Trigo,1.0,50.527203437706866
2012.551468175207,24.144842892784403,36.787234680020504,Soya,2.0,20.545147479393417
2990.1716657786715,34.57155393494054,34.79438917157982,Sorgo,3.0,28.85132119621258
1830.131460459738,20.42734115492135,23.26828031417351,Sorgo,3.0,43.385344269389655
3457.4888166828077,33.689475744936345,23.585150605276187,Soya,2.0,27.256943996318437
1784.9242028389376,27.98328330611604,21.84697097634535,Soya,2.0,68.6108334968798
2143.700433823314,26.561199553130397,22.50099328037509,Trigo,1.0,19.573926147435543
2081.2191059668767,17.391620944677054,34.795351724642074,Trigo,1.0,6.246644497711534
1970.8922666669548,13.190380464919173,15.241657701566478,Sorgo,3.0,79.6657677719009
3083.2046944629783,22.069028280558193,25.02921028551907,Soya,2.0,13.978609023448115
1219.2431413796367,12.233932125901678,36.68531260614188,Soya,2.0,53.19142492039537
2332.6947073177544,13.63305774771882,27.4806361692046,Maíz,0.0,26.504026607488356
2470.2242588596437,25.692515380970576,25.36025317330978,Trigo,1.0,14.916009736756457
3098.297531787301,28.66285216067963,22.184505508090524,Soya,2.0,22.527944618205147
2444.8404318004928,15.86281163425837,16.699990486823786,Trigo,1.0,3.3758007279538855
3392.054939027008,28.847509491496798,20.163188994632797,Soya,2.0,19.024030277878776
3154.852823104508,33.84369401167929,17.08054342854804,Sorgo,3.0,25.14287433221856
1741.597860552375,29.093049856702525,17.91408688345485,Maíz,0.0,90.0
3121.747402285253,30.048450050225757,18.760880514904205,Sorgo,3.0,20.093966993587003
3387.8900980523304,28.11638934617255,21.946676937938406,Sorgo,3.0,16.196171745885874
1494.432388496383,17.168961130459277,15.253383639897315,Trigo,1.0,90.0
2447.563777993903,20.300468669584227,36.8533093686447,Sorgo,3.0,8.80167514597874
1560.870563323766,33.8331401437058,17.847839131570414,Maíz,0.0,90.0
2553.8316535219874,27.20784331631273,23.812424064270502,Trigo,1.0,20.979506265608315
1052.835572276959,30.14756888048366,35.22913387343995,Maíz,0.0,69.6241371650467
2782.3076590464552,34.279976233427575,17.451063314387532,Soya,2.0,30.85242347218143
1933.5135372074258,17.32304917179131,26.12289779034478,Sorgo,3.0,27.660684461972128
2385.7293824263793,19.39879334851073,34.4300227434521,Soya,2.0,9.014677224363227
869.828486813445,26.830438015193494,27.810140352785222,Soya,2.0,90.0
2677.691929067886,12.560221897032168,19.837902694723482,Maíz,0.0,14.506002240016688
2139.1766561651575,25.13803877867523,31.91671922248937,Sorgo,3.0,13.53260567260387
2488.1777207571736,30.599832728833473,30.67084444595268,Maíz,0.0,17.061493428586356
1652.3035254156698,26.04019759795488,23.33027585057926,Soya,2.0,71.18964889721424
1193.714468237819,18.79404552961055,16.064788716371627,Soya,2.0,90.0
1975.6581433895835,28.65439391672942,15.18088786761016,Sorgo,3.0,78.42378543330318
3348.743627473181,15.358727367638748,33.984036311924946,Sorgo,3.0,1.2470120551624306
