fecha,maquina,operacion,campo_id,temp_aire_c,precipitacion_mm,humedad_relativa_pct,velocidad_kmh,horas_motor,combustible_lkm
2020-01-01 00:00:00.000000000,Tractor,Transporte,4,18.99168466013084,62.869388683817334,74.36766339809323,8.223820448267245,1263.310324774466,1.7707402671465695
2020-01-06 02:56:01.923847695,Tractor,Transporte,7,16.6541566119903,57.06296957463862,71.63028600159033,8.505821585712756,3066.438037456653,1.944485348751602
2020-01-11 05:52:03.847695390,Tractor,Transporte,3,21.251324386597776,35.06092704922276,73.6703239057378,7.651212602267742,443.30604041804725,1.8063926780585828
2020-01-16 08:48:05.771543086,Tractor,Transporte,2,22.360313298270583,24.545620251058093,80.41370299192309,7.990468293404258,2624.8451085266456,1.8574497439149262
2020-01-21 11:44:07.695390781,Tractor,Transporte,3,16.716954732681856,4.3647260174755615,80.21784750936304,9.009078747805443,1187.024973366202,1.9850933972044889
2020-01-26 14:40:09.619238477,Tractor,Transporte,3,18.884710774425262,38.3849711881787,78.76081339510688,8.895317295907738,3408.543516647067,1.9756615502757064
2020-01-31 17:36:11.543086172,Tractor,Transporte,2,22.787667203792846,79.84288451618146,76.05736117059114,4.927323799829678,3738.348935341577,1.852432760666851
2020-02-05 20:32:13.466933867,Tractor,Transporte,2,22.57864007418917,51.846280016952726,72.10072479529192,8.241961447857665,4240.712652796987,1.7969788268055722
2020-02-10 23:28:15.390781563,Tractor,Transporte,2,24.01073162682975,37.56384650863136,79.52862519169793,6.191637966195983,4961.97684459541,1.6407478431360223
2020-02-16 02:24:17.314629258,Tractor,Transporte,4,23.098013100148687,51.26841690463458,76.48727768332756,8.73327275222591,2296.77389826616,1.8689688023220064
2020-02-21 05:20:19.238476954,Tractor,Transporte,3,27.674389364158603,22.200941856669978,67.52900985254203,7.930511222411269,3352.9720860366215,1.8913623334243739
2020-02-26 08:16:21.162324649,Tractor,Transporte,4,28.202997538782007,39.04062414862945,82.0595296766534,4.617119403412433,92.11858126060845,1.865960824358794
2020-03-02 11:12:23.086172344,Tractor,Transporte,6,27.370840683030046,43.60264930155948,70.32752535427323,9.612605257851325,4525.435166531055,1.6423633983441093
2020-03-07 14:08:25.010020040,Tractor,Transporte,2,30.41537331621003,39.876733181294185,62.63390862571187,7.113121027315412,3078.715727642895,1.8386608701517595
2020-03-12 17:04:26.933867735,Tractor,Transporte,8,29.644735933401325,50.8993083950899,65.68213549418452,7.962973970575233,2106.7248963661855,1.8800330078956826
2020-03-17 20:00:28.857715431,Tractor,Transporte,7,27.372414578765273,43.28191136504391,67.23083102415872,9.053785784323317,2171.5637138032534,1.8509129204001837
2020-03-22 22:56:30.781563126,Tractor,Transporte,2,30.681841267622513,46.33541067005277,72.2675626146731,8.875845965254232,3789.978231801978,1.9413466130781478
2020-03-28 01:52:32.705410821,Tractor,Transporte,3,28.43265876195664,25.44234244174369,72.77007900469825,9.740359380810402,4167.3500176794705,1.9785484367843962
2020-04-02 04:48:34.629258517,Tractor,Transporte,2,32.98155603942159,45.97524532291476,69.1574439545257,4.860765557788056,4039.518381574259,1.7571756397425269
2020-04-07 07:44:36.553106212,Tractor,Transporte,3,31.393776564803833,54.46767984963026,74.77297560724311,3.9935211036362124,2552.9232652351184,2.03802777760481
2020-04-12 10:40:38.476953908,Tractor,Transporte,3,31.49608640857813,16.28054893900137,76.11317800903377,9.0226161720691,1855.7331878401583,1.7713474046620314
2020-04-17 13:36:40.400801602,Tractor,Transporte,2,30.74547922348287,15.59163707473105,76.28803852966823,5.123864519991139,4727.6968070776775,1.7861700120821293
2020-04-22 16:32:42.324649298,Tractor,Transporte,1,35.21290707826637,44.847373645805504,72.9466633749145,4.03144381694844,3170.9976238510494,1.916117442135426
2020-04-27 19:28:44.248496994,Tractor,Transporte,4,32.40012583542147,21.578724396762677,77.0304660138749,4.181137435284672,2718.2670449710577,1.8347557155032488
2020-05-02 22:24:46.172344688,Tractor,Transporte,6,31.94992397267436,42.020282842662894,59.20818393148629,5.815201115095626,2991.5946601414635,1.7842287052394776
2020-05-08 01:20:48.096192384,Tractor,Transporte,3,32.21328846515048,13.919539518619535,71.825156362121,11.926083432443207,3149.3325409314134,2.235655225974575
2020-05-13 04:16:50.020040080,Tractor,Transporte,7,34.16577773236765,38.639806002032145,58.26953292657191,4.4153429401837645,3565.36442053452,1.963623717972636
2020-05-18 07:12:51.943887776,Tractor,Transporte,3,33.7388871944492,18.30646886766262,73.34323153331654,5.68682906068621,2765.923475205829,1.8211962644857913
2020-05-23 10:08:53.867735470,Tractor,Transporte,8,33.717074246502776,18.333075731750327,73.10458012183794,11.286607366939286,4376.776772287393,1.9317544408282388
2020-05-28 13:04:55.791583166,Tractor,Transporte,2,33.565890933672335,34.94475692351986,78.12955126807118,11.669772568267224,4298.571071368581,1.9981950765395928
2020-06-02 16:00:57.715430862,Tractor,Transporte,5,37.07501365186156,6.37579296008013,80.03948814136876,5.059590250363662,2211.288723264187,1.8086807132696552
2020-06-07 18:56:59.639278556,Tractor,Transporte,7,31.152745173312905,0.0,76.71318947885469,10.924074273455918,842.6805606276827,2.0301067510901687
2020-06-12 21:53:01.563126252,Tractor,Transporte,1,30.543898839068277,2.254135163763106,72.52713812884365,4.250261500707123,2883.278568855504,1.8492282493441443
2020-06-18 00:49:03.486973948,Tractor,Transporte,8,29.354713700584828,13.336966985231012,77.96985952125125,9.853827701704642,3103.6976106559105,2.0901204685386388
2020-06-23 03:45:05.410821642,Tractor,Transporte,3,32.003629754353135,0.0,72.03122376203052,3.117073445826344,2616.897869768676,2.2093346822960727
2020-06-28 06:41:07.334669338,Tractor,Transporte,4,32.586519725642,13.788484553567702,73.88328342307979,6.65957666316864,4452.889066369831,1.8016120741676944
2020-07-03 09:37:09.258517034,Tractor,Transporte,6,29.261280871455725,0.0,82.0753695967551,5.226016860456493,465.10128512182945,1.8631006324408133
2020-07-08 12:33:11.182364728,Tractor,Transporte,6,27.032052773628614,19.35775650562302,72.0435329328436,9.336072127432104,1437.0925241760024,1.9005596175164512
2020-07-13 15:29:13.106212424,Tractor,Transporte,1,26.39888675664433,0.0,81.99446147062949,3.1445051821966623,4328.949231613093,2.3965985216178427
2020-07-18 18:25:15.030060120,Tractor,Transporte,7,28.945250934770115,0.0,80.33357038498428,7.184115354463797,4697.066565111028,1.6961242728870618
2020-07-23 21:21:16.953907816,Tractor,Transporte,5,28.42432689576522,0.0,70.72273468369725,9.270561222704417,2129.625373512843,1.8426686843461402
2020-07-29 00:17:18.877755512,Tractor,Transporte,8,27.087634212566872,0.0,82.762692794906,3.420343859251646,963.2199092046894,2.011447540601479
2020-08-03 03:13:20.801603204,Tractor,Transporte,4,23.66571172967935,5.584676498296849,81.86162484697752,11.07660163916975,2101.647482549674,2.1722790791775632
2020-08-08 06:09:22.725450900,Tractor,Transporte,5,24.869372810939407,0.0,78.30727484040716,6.25077666656804,2280.83222712068,1.8191662621916855
2020-08-13 09:05:24.649298596,Tractor,Transporte,4,23.84146004444099,0.0,73.48154823627975,4.4873924901801825,2597.846890812751,1.81035890035804
2020-08-18 12:01:26.573146292,Tractor,Transporte,8,23.295069693099975,1.1923257501424573,72.99610343595019,5.029180464274147,1371.7654009147557,1.728592701453238
2020-08-23 14:57:28.496993988,Tractor,Transporte,7,23.96907066249464,7.012624709591912,74.2238398299414,6.0501533590241685,1563.1370355841123,1.866880575805682
2020-08-28 17:53:30.420841684,Tractor,Transporte,8,21.79621325247104,0.0,82.0268921413869,4.785375916400629,3277.93815673046,1.848222639488913
2020-09-02 20:49:32.344689376,Tractor,Transporte,5,22.07021928037621,15.98299551722652,71.66303260608181,7.595208785236826,3108.970754983197,1.9003033929138562
2020-09-07 23:45:34.268537072,Tractor,Transporte,7,20.022900713943883,16.527850244163073,80.69483022230582,8.696385628494204,3310.512575576673,1.8451286947735852
2020-09-13 02:41:36.192384768,Tractor,Transporte,3,19.708137044265747,14.199812627450036,70.91563385104062,6.9008709799499215,1886.4249159879055,1.8040456076607523
2020-09-18 05:37:38.116232464,Tractor,Transporte,4,19.83216931308468,18.023979954610127,76.79241083741847,6.8432893490561,1682.284192499461,1.78578578662703
2020-09-23 08:33:40.040080160,Tractor,Transporte,7,14.649936600542485,15.90738428902863,80.65781797413189,10.035295674318323,1757.6933648646948,1.9030780532836868
2020-09-28 11:29:41.963927856,Tractor,Transporte,1,16.61017510293783,41.86409402629497,91.90809206222166,5.709150416620966,4755.882427448342,1.751115280356567
2020-10-03 14:25:43.887775552,Tractor,Transporte,6,15.785841474288357,13.847855390551493,71.50323311963275,8.604919505165178,1976.225515721614,1.7491137194051383
2020-10-08 17:21:45.811623244,Tractor,Transporte,1,14.975420201041825,12.52815979799609,88.98843754473647,11.036294265391252,3030.661981689628,2.0829654290958204
2020-10-13 20:17:47.735470940,Tractor,Transporte,5,15.392260292215214,8.09112115065116,81.26447368959626,4.99362928586411,2614.2159358326926,1.8614113449008052
2020-10-18 23:13:49.659318636,Tractor,Transporte,4,18.9622320480531,6.041637850920539,81.74691926320354,8.579106570220116,4381.109079972461,1.921380213396309
2020-10-24 02:09:51.583166332,Tractor,Transporte,4,13.46092072070177,5.327082951491786,81.97259859196426,11.531746020493058,1845.5840038973954,2.144712288057222
2020-10-29 05:05:53.507014028,Tractor,Transporte,4,17.309710742203677,12.198027358260484,82.03411996073928,7.7681572945990895,2170.7222217808526,1.7853038293369128
2020-11-03 08:01:55.430861724,Tractor,Transporte,4,11.356148649045572,25.538425513679787,79.46016330556755,11.792079513274173,4213.971443911052,2.2414635488847328
2020-11-08 10:57:57.354709416,Tractor,Transporte,4,14.26678834701318,33.07615330173513,87.48483290315133,5.790414397663168,804.7880701495292,1.831888357243378
2020-11-13 13:53:59.278557112,Tractor,Transporte,4,15.373181006645337,30.947578874446677,75.80475347237007,8.078645033995784,2971.4727393765,1.9229012453599037
2020-11-18 16:50:01.202404808,Tractor,Transporte,5,16.38283214443498,21.30359130702672,85.7551288779611,5.799321760808576,1999.5410382190198,1.8763947471936204
2020-11-23 19:46:03.126252504,Tractor,Transporte,7,16.801713311038768,46.35386013135269,72.94488880935008,3.0334748256066058,4928.957794626138,2.227740742734807
2020-11-28 22:42:05.050100200,Tractor,Transporte,5,17.191039921134127,45.761148388625614,76.3607330781053,11.975772904010924,3606.9205840030986,2.1668991088902
2020-12-04 01:38:06.973947896,Tractor,Transporte,6,15.01219093001525,35.05162326027282,71.90982799993152,5.160540612335488,52.78131403064101,1.850220711702716
2020-12-09 04:34:08.897795592,Tractor,Transporte,7,15.107322034923108,29.603088415680553,81.47433253660759,11.757917867130585,4197.3695022332195,2.0219470528744923
2020-12-14 07:30:10.821643284,Tractor,Transporte,8,18.415380541680236,47.77011071231697,84.80376369498576,8.877295439824143,3515.8982809065583,1.7722215744600491
2020-12-19 10:26:12.745490980,Tractor,Transporte,1,16.56554735988288,43.952977938213735,76.62168311005877,11.135402480537154,2804.8045779132162,1.9489315958147744
2020-12-24 13:22:14.669338676,Tractor,Transporte,6,14.690345335772545,22.14872816038972,78.30516668742497,11.704824723482696,1180.6423794215852,2.099919155272272
2020-12-29 16:18:16.593186372,Tractor,Transporte,2,15.56214291082075,42.43574100415437,70.87068892247282,8.110462857077847,746.5832520384513,1.7869358248683136
2021-01-03 19:14:18.517034068,Tractor,Transporte,2,16.542050054802903,47.763726215999455,75.41342846222517,11.997222098711324,3141.99781429209,2.023196901852798
2021-01-08 22:10:20.440881764,Tractor,Transporte,7,20.294938569051737,32.19445134555814,67.16444983485808,9.90596918347833,2199.7013640688197,1.9540051302922605
2021-01-14 01:06:22.364729456,Tractor,Transporte,1,20.324530280961852,48.07865679256282,69.96285393794535,7.714331004842161,4308.101561155649,1.785315604523942
2021-01-19 04:02:24.288577152,Tractor,Transporte,7,22.238080522383527,25.404940045585747,77.94499289017372,8.894489557717973,1311.8678513883565,1.9581681381157667
2021-01-24 06:58:26.212424848,Tractor,Transporte,7,20.51113406397706,64.66969060087591,81.96160701598633,4.748442215939393,3187.5999042312446,1.9840948348162097
2021-01-29 09:54:28.136272544,Tractor,Transporte,8,22.550799778914744,63.46263073789707,90.28547478572509,3.099293592963149,1244.215183295088,2.245015062011392
2021-02-03 12:50:30.060120240,Tractor,Transporte,6,24.342527363383372,42.32174056240554,70.97486566739796,5.3111041284642795,3181.5853954664417,1.7233903513162518
2021-02-08 15:46:31.983967936,Tractor,Transporte,7,23.057525362629136,50.649396120283285,82.88971537332976,6.9147377554791625,241.72321107856664,1.8152037796943938
2021-02-13 18:42:33.907815632,Tractor,Transporte,1,25.516788980714516,11.366767967318957,78.02229730177429,5.052473281755786,1958.5371340719225,1.7966662646787521
2021-02-18 21:38:35.831663324,Tractor,Transporte,8,23.825657472773223,28.305403007604482,74.88910176344275,7.626323081875782,863.4280793287569,1.7696615470853194
2021-02-24 00:34:37.755511024,Tractor,Transporte,2,25.39418226357847,39.4481433330265,76.95175145146234,8.921497280021999,3029.6699811173726,1.7965699761639673
2021-03-01 03:30:39.679358720,Tractor,Transporte,3,26.094824174368338,27.613967430317004,75.42919304662547,8.902144641900339,1583.6402658886589,1.8269912960307
2021-03-06 06:26:41.603206408,Tractor,Transporte,2,25.02384974663223,51.550466255247144,74.17998964193227,11.043879874798156,3857.6630883837465,2.0299332865715014
2021-03-11 09:22:43.527054104,Tractor,Transporte,4,29.41906475775251,68.30640435503587,68.18881600942375,11.696871868348888,572.9718021500912,2.1721009594801415
2021-03-16 12:18:45.450901800,Tractor,Transporte,6,27.97592346983805,22.546142639338253,66.41607741561653,11.016255120238997,2781.0653345962114,2.0824199844083204
2021-03-21 15:14:47.374749496,Tractor,Transporte,3,29.65994772570394,25.857715349853848,64.68864985288282,8.581574634122335,2968.389314708274,1.9883745593680218
2021-03-26 18:10:49.298597192,Tractor,Transporte,7,31.272311622697934,39.34151410429059,76.22683910339984,4.851877391320162,110.52049860032997,1.8667916999362226
2021-03-31 21:06:51.222444888,Tractor,Transporte,5,31.733297559786294,56.97484020973535,69.07515809678169,11.491060432529341,179.9285542524931,2.121324991165256
2021-04-06 00:02:53.146292584,Tractor,Transporte,6,32.79207960328367,15.254159618846348,70.12590597140601,4.573743552905759,1541.200861640092,1.8183417114014153
2021-04-11 02:58:55.070140280,Tractor,Transporte,8,31.533303243282468,34.07507102841795,72.68837194291662,4.362846442594186,3045.377197059561,1.7884463365202778
2021-04-16 05:54:56.993987976,Tractor,Transporte,4,31.183154363279385,54.259201828148306,75.91475334409411,5.858123951148915,4813.149975811032,1.7134130041937858
2021-04-21 08:50:58.917835672,Tractor,Transporte,3,32.24347582996623,3.773641738850582,75.89507577856214,8.162450052044594,453.9175499433151,1.7605732074715508
2021-04-26 11:47:00.841683368,Tractor,Transporte,8,28.948920363583262,7.079124384367365,71.76521830215066,9.133253687872237,3515.8138660540285,1.675978003214396
2021-05-01 14:43:02.765531064,Tractor,Transporte,5,29.65557317007208,17.19192653278762,82.00295300174545,3.119634096110724,3463.5806106138843,2.1190855060216465
2021-05-06 17:39:04.689378752,Tractor,Transporte,5,30.04209295653262,13.94899540301103,84.2444608508625,10.002200445477751,3347.371217517384,2.07836384539981
2021-05-11 20:35:06.613226448,Tractor,Transporte,3,30.80471350591491,30.748891956267883,76.12577884836546,4.575175941785179,2580.736707661009,1.8721522102898212
2021-05-16 23:31:08.537074144,Tractor,Transporte,2,33.85825245814475,20.925164478724174,78.71757954941594,5.668363663617191,4834.129753050719,1.7337466646840105
2021-05-22 02:27:10.460921840,Tractor,Transporte,2,30.875226265469173,0.0,83.04543078796866,5.898780532160864,2508.875692443407,1.7901037665559172
2021-05-27 05:23:12.384769536,Tractor,Transporte,2,31.870254133796802,20.917074965767654,80.35264095433679,5.992013990088682,4191.485395996039,1.600497974167583
2021-06-01 08:19:14.308617232,Tractor,Transporte,2,35.33110555481265,3.9837894271767382,77.40000496431716,9.843308419885242,1312.6030143733192,1.9593862199938434
2021-06-06 11:15:16.232464928,Tractor,Transporte,6,31.396970229012673,28.367809088411313,76.73171797522197,3.368499259819616,4031.5424965342754,2.2065638680596824
2021-06-11 14:11:18.156312624,Tractor,Transporte,1,33.45074829648184,0.2951604368664622,77.78658870136104,4.7686603655308755,4982.728669694667,1.8112869250580046
2021-06-16 17:07:20.080160320,Tractor,Transporte,6,29.363840135638643,0.0,69.5386299052442,3.2008730803720336,4550.4299388688005,2.0246442574087298
2021-06-21 20:03:22.004008016,Tractor,Transporte,8,30.5005777090438,14.109669652864111,78.80036317076305,10.004695110405896,1520.358593759727,1.917283962787807
2021-06-26 22:59:23.927855712,Tractor,Transporte,7,28.345829340830512,16.13023655269265,67.05365697973458,11.853501045286112,4230.787379241997,2.225829040303189
2021-07-02 01:55:25.851703408,Tractor,Transporte,4,29.007560742035594,10.602863214729146,70.63152795235888,8.935924433399078,476.285615143599,1.8872129121537018
2021-07-07 04:51:27.775551104,Tractor,Transporte,1,30.986300077663323,0.0,83.37618537966635,8.311252628269301,3388.537798065263,1.7118639982726986
2021-07-12 07:47:29.699398792,Tractor,Transporte,7,24.683720773500067,10.465776097976958,81.964756617602,11.172595920496525,1710.7311649334329,2.2458496889727417
2021-07-17 10:43:31.623246488,Tractor,Transporte,1,28.752609973037828,0.0,85.26097624755194,5.294585877271345,3293.3504479779904,1.679734355579564
2021-07-22 13:39:33.547094184,Tractor,Transporte,6,27.604876223736156,5.452858580754606,74.67201833310821,3.598160746242047,2061.2450378973267,2.0128672622164596
2021-07-27 16:35:35.470941880,Tractor,Transporte,6,25.036922144632022,0.0,70.72358420171818,7.589729144749942,45.1657491266122,1.7042347415731192
2021-08-01 19:31:37.394789576,Tractor,Transporte,2,22.407588109123235,8.277936349527655,76.4524860714226,5.343138328564459,1156.382770239755,1.6945167961295518
2021-08-06 22:27:39.318637272,Tractor,Transporte,6,24.980715962026622,0.0,78.26893719673413,7.059734532128118,211.93116429158,1.73125686663081
2021-08-12 01:23:41.242484968,Tractor,Transporte,2,22.729365896540134,0.0,78.91865423425101,7.106698655236284,2136.3496139992567,1.8197475417082742
2021-08-17 04:19:43.166332664,Tractor,Transporte,2,23.6334268901023,13.159017511656588,83.87766206007188,5.869486416612625,4200.356433640915,1.8620202311693244
2021-08-22 07:15:45.090180360,Tractor,Transporte,7,22.40339823544129,7.23257166738758,75.81258233418389,7.376921234247481,3689.9837948753916,1.7474440055798204
2021-08-27 10:11:47.014028056,Tractor,Transporte,8,25.125181322743803,0.0,79.71839336785722,6.421366924949115,3944.5609312203283,1.6746953380643315
2021-09-01 13:07:48.937875752,Tractor,Transporte,3,20.338364714240484,25.974867594205616,71.27182004587175,4.017534031036891,4035.998244023646,1.9697448920165002
2021-09-06 16:03:50.861723448,Tractor,Transporte,8,17.9001110351662,0.6006588658145446,82.78881209668954,10.80053136665202,1859.6989402173774,2.0619456822683584
2021-09-11 18:59:52.785571144,Tractor,Transporte,8,19.86152206142854,8.458121227772418,78.79046888139203,9.311463429872035,2530.128647466993,1.9135047610551663
2021-09-16 21:55:54.709418832,Tractor,Transporte,7,19.299932507610013,13.130455794607734,74.09570712906077,3.371779784998565,2542.2558504270055,2.1252943607533976
2021-09-22 00:51:56.633266528,Tractor,Transporte,2,21.07573913438899,2.4606918656437315,77.41165978066324,4.042077827441757,566.0425846803619,1.917571899101388
2021-09-27 03:47:58.557114224,Tractor,Transporte,3,19.361871732399518,19.31265035748708,76.97327838596988,3.868630236408216,2990.710610641371,1.971152131360156
2021-10-02 06:44:00.480961920,Tractor,Transporte,6,17.79671967498262,6.912559742044087,77.99721255836998,3.555691923079449,3600.8988950016774,2.0300804533533947
2021-10-07 09:40:02.404809616,Tractor,Transporte,8,19.769514942996278,10.353225552899303,89.28045917932546,3.5315109825649293,3054.8390955664713,2.1374380570094074
2021-10-12 12:36:04.328657312,Tractor,Transporte,7,13.528695022134983,36.986717834061224,78.11534330168058,4.4140109964258025,3729.8296735476133,2.042270537457974
2021-10-17 15:32:06.252505008,Tractor,Transporte,4,14.38832925391105,5.180103584274548,79.48629981332515,10.630824676769354,594.4563406242836,2.020051144550479
2021-10-22 18:28:08.176352704,Tractor,Transporte,2,13.469782523816312,0.0,69.10087037100344,10.454099665783582,3807.044731670886,1.9891575635475596
2021-10-27 21:24:10.100200400,Tractor,Transporte,8,14.425918964142852,46.05908004133072,72.30095784736669,10.048318277505466,1040.7005168423823,1.9745887417055843
2021-11-02 00:20:12.024048096,Tractor,Transporte,3,12.070273189536076,61.46530140393605,75.67973972460936,8.532358558847154,4384.1341141976645,1.7865013382686916
2021-11-07 03:16:13.947895792,Tractor,Transporte,3,16.41486806044583,21.97815461973689,74.78142775220515,9.511441978922711,1224.656561753978,1.9710510588692867
2021-11-12 06:12:15.871743488,Tractor,Transporte,8,14.513611377661263,2.3864054427824186,89.41956914266275,9.646330897562756,2459.9619184522007,1.9559454118250357
2021-11-17 09:08:17.795591184,Tractor,Transporte,5,11.818216026904626,26.964895826309686,79.11680607210128,11.003815832769005,2436.331483283171,2.0067232131470205
2021-11-22 12:04:19.719438872,Tractor,Transporte,3,12.937347007421806,29.060024652346318,87.27779207112418,9.59108726672189,1344.2516019600675,1.9883666252125143
2021-11-27 15:00:21.643286568,Tractor,Transporte,1,16.044255400934173,32.096648464404915,78.58700653682284,9.62813377218869,1808.547922097972,1.920700492003366
2021-12-02 17:56:23.567134264,Tractor,Transporte,4,17.44522787068006,20.77706427637375,78.85537212168154,10.236730554421353,927.98374537796,1.892818665557169
2021-12-07 20:52:25.490981960,Tractor,Transporte,8,20.30307749915659,45.99585026829541,75.08147616755656,8.007193703348687,2850.503487292747,1.836017820623113
2021-12-12 23:48:27.414829656,Tractor,Transporte,4,22.689498701586313,46.63995806901722,74.75025631865216,4.917259110383483,4565.140126667401,1.8258849664778698
2021-12-18 02:44:29.338677352,Tractor,Transporte,6,17.708262965270883,19.922857348897345,88.92104939254257,3.760882298121525,1583.0378618082518,2.065779767871498
2021-12-23 05:40:31.262525048,Tractor,Transporte,3,15.109706678332499,51.786710100600686,63.05100149402826,6.771392043437089,2540.3130488572883,1.8267593105817277
2021-12-28 08:36:33.186372744,Tractor,Transporte,7,13.135952075108229,71.7558971016133,64.05267053895098,3.825171045174563,4309.403059543248,1.9646300395310987
2022-01-02 11:32:35.110220440,Tractor,Transporte,7,19.031218988232872,46.34566583101989,72.77239510130022,4.52373628398898,2262.4952347273625,1.8113652823036344
2022-01-07 14:28:37.034068136,Tractor,Transporte,5,17.282453582797793,39.940784129592494,77.24304580727879,3.214560105861915,4156.301642289598,2.1611429672349414
2022-01-12 17:24:38.957915832,Tractor,Transporte,7,18.822251487199875,43.24763172835017,80.4930279897961,5.701856619328589,2231.9533258493484,1.791922726297607
2022-01-17 20:20:40.881763528,Tractor,Transporte,5,19.086063681573886,54.26460529653664,78.21723247589107,11.729980401618166,2201.2123335543665,2.1497815953111274
2022-01-22 23:16:42.805611224,Tractor,Transporte,4,20.845950963040867,21.676864627249394,75.06429251547233,6.410381453979696,786.19981089671,1.7795496436822489
2022-01-28 02:12:44.729458912,Tractor,Transporte,6,24.39574163368634,48.30016976011893,80.11173900685084,5.1680334544597315,624.89412213307,1.7804983250132103
2022-02-02 05:08:46.653306608,Tractor,Transporte,7,23.15809879209383,40.4303345663759,81.24141107637347,6.631045294244084,3057.483721472439,1.8375235277865996
2022-02-07 08:04:48.577154304,Tractor,Transporte,7,23.234381250903283,71.50261522602041,73.65210433173162,5.712046681860096,4136.667623393603,1.708619668788921
2022-02-12 11:00:50.501002000,Tractor,Transporte,2,22.07880589073146,42.77093735420459,81.02668838482867,9.064891406355247,677.0324342509682,2.074173519584143
2022-02-17 13:56:52.424849696,Tractor,Transporte,6,21.44416662969782,67.97926086912769,75.09207239066833,8.710200850431725,4550.469730534938,1.91191728268672
2022-02-22 16:52:54.348697392,Tractor,Transporte,1,24.82147330484704,28.44342343236194,72.06811230801728,3.2460861699344656,1794.3990093216821,2.058601351726233
2022-02-27 19:48:56.272545088,Tractor,Transporte,5,26.52192694142449,51.23728038392325,77.2052441737876,7.601908402261066,2126.2860326041086,1.8025880578080793
2022-03-04 22:44:58.196392784,Tractor,Transporte,5,31.259071468356286,46.4665218940948,72.40568197001978,3.3257971890789344,4472.267010090645,2.181165132260652
2022-03-10 01:41:00.120240480,Tractor,Transporte,3,28.498134403491065,28.428489617938105,74.15941286987001,9.096269397728474,4481.482251607032,1.8501716690367453
2022-03-15 04:37:02.044088176,Tractor,Transporte,8,31.04126873974983,41.77660438296145,81.0311490235881,11.422274975645326,2624.2943845578598,1.9610222586381347
2022-03-20 07:33:03.967935872,Tractor,Transporte,8,28.412428062585434,54.85316057431802,57.362164560909136,11.167390908546771,1383.8247222667044,1.9728149826433508
2022-03-25 10:29:05.891783568,Tractor,Transporte,1,27.49489384115005,31.82704450467577,65.72451857426601,4.851409008818338,859.6973616908793,1.8562559584348008
2022-03-30 13:25:07.815631264,Tractor,Transporte,2,28.52429140948257,11.063497866708683,68.40899561909819,9.68380632949254,1357.9002371527326,1.7833220562219338
2022-04-04 16:21:09.739478952,Tractor,Transporte,2,29.548680290416076,32.81645437482643,71.25308166295544,10.137593739365087,3903.1369881256246,1.845850615036742
2022-04-09 19:17:11.663326648,Tractor,Transporte,8,36.27061973524085,18.672767018054245,70.6838127126252,10.779307797984458,1622.9540110682478,2.062286716275171
2022-04-14 22:13:13.587174352,Tractor,Transporte,5,30.1686423559987,24.704251407209284,64.82068117618545,5.336388037204689,3472.807305165043,1.759950070338014
2022-04-20 01:09:15.511022048,Tractor,Transporte,6,34.20755719687131,26.130748576678034,66.42594690109584,7.057513613749441,976.0041113979856,1.7117007592980096
2022-04-25 04:05:17.434869744,Tractor,Transporte,7,30.63124858148765,1.5128446162095024,70.39298535604114,4.993539861329314,2392.518163444498,1.7609400779526647
2022-04-30 07:01:19.358717440,Tractor,Transporte,7,34.858241333509845,0.8814655716735409,88.87364283999302,3.2187851149007223,1760.531080294111,2.041684033891683
2022-05-05 09:57:21.282565120,Tractor,Transporte,1,33.7816372239111,28.362016418891645,83.11791734460267,8.931113650784614,2518.061616601153,1.904936842476547
2022-05-10 12:53:23.206412816,Tractor,Transporte,2,32.65004685744045,12.425065121414798,71.50798188407477,6.88317256103831,2849.726454600883,1.6981708143558152
2022-05-15 15:49:25.130260512,Tractor,Transporte,4,32.89837563902614,0.0,72.70406878450005,5.233051925072106,4954.674823172226,1.740779024063046
2022-05-20 18:45:27.054108208,Tractor,Transporte,3,31.474469836588625,27.099048415650103,66.3207877008122,10.623935525696506,4499.475235946011,2.0327927094376634
2022-05-25 21:41:28.977955904,Tractor,Transporte,6,33.75739788574229,18.189319871563427,61.680982670913515,7.461125759812826,3479.332387620954,1.7611815779951716
2022-05-31 00:37:30.901803600,Tractor,Transporte,2,31.52279387964133,2.394805913387634,74.47415655060337,11.951919094913315,768.7173526520935,2.0770735529843
2022-06-05 03:33:32.825651296,Tractor,Transporte,3,29.54774316691968,0.0,70.07117799211396,10.140220442450705,4595.142781696091,1.8028703080068762
2022-06-10 06:29:34.749498992,Tractor,Transporte,2,29.091978715278394,21.063035242857897,74.02366144025189,10.82290079762328,4462.930353539999,2.052781867669983
2022-06-15 09:25:36.673346688,Tractor,Transporte,2,31.884066039492083,12.895896079446228,64.60767010556123,9.959990239179046,4433.517150371194,1.952927447401455
2022-06-20 12:21:38.597194384,Tractor,Transporte,2,34.52382086123805,40.12294151294953,66.53498062766917,3.9533240905555944,2395.0843217652796,1.9033086573959748
2022-06-25 15:17:40.521042080,Tractor,Transporte,2,30.895126103893286,11.538088368314504,75.55542136598918,3.5852610058830363,853.5335553052842,1.9530030786946102
2022-06-30 18:13:42.444889776,Tractor,Transporte,5,29.727087791945888,10.107861294915125,77.38414795592935,11.235708953530171,3772.016074844608,2.063530973606329
2022-07-05 21:09:44.368737472,Tractor,Transporte,4,30.017584064344053,1.5104383979401015,78.27784225809647,4.243774692358219,1942.5751949521175,1.9285822209375962
2022-07-11 00:05:46.292585168,Tractor,Transporte,4,31.490599377760255,14.480328744561035,66.2969300132768,6.521035356068342,1722.8414484611749,1.7641900093558305
2022-07-16 03:01:48.216432864,Tractor,Transporte,4,28.419320553103475,11.298440080761239,80.67747698076626,8.489199104003378,1953.9100627963867,1.9674151993761348
2022-07-21 05:57:50.140280560,Tractor,Transporte,6,26.32281671217361,19.731789502158563,70.80720081095544,4.907085149117961,2795.352787329062,1.8642022003140248
2022-07-26 08:53:52.064128256,Tractor,Transporte,7,28.927011507593175,0.0,80.07269345998623,5.027565393369992,1667.594153720795,1.7892453714860095
2022-07-31 11:49:53.987975952,Tractor,Transporte,5,26.684326874385597,0.0,76.99665353425588,7.196172080622389,3449.603054990592,1.8308216224031286
2022-08-05 14:45:55.911823648,Tractor,Transporte,6,28.354739666144035,0.0,68.21751612238191,6.248055823139344,3238.618978718313,1.7588946227911386
2022-08-10 17:41:57.835671344,Tractor,Transporte,6,24.606989373932947,13.538845941444237,74.8072598163208,9.08918100317824,2544.313069134502,1.8812157869105262
2022-08-15 20:37:59.759519040,Tractor,Transporte,6,20.736331525944514,23.912058604939283,79.42150172990688,3.6756857596856474,269.8661584274764,2.114624534484256
2022-08-20 23:34:01.683366736,Tractor,Transporte,2,19.650716042140548,0.0,83.2000416680984,7.398828025300377,4682.7134118558615,1.7073522662979808
2022-08-26 02:30:03.607214432,Tractor,Transporte,8,25.382878331203955,0.0,76.67006519941211,4.568339259439653,2058.481415601951,1.8453708742218005
2022-08-31 05:26:05.531062128,Tractor,Transporte,2,24.802593478560773,9.849186480985825,86.12183070763118,8.460525081006733,2247.2659714294364,1.9297281669270536
2022-09-05 08:22:07.454909824,Tractor,Transporte,4,19.897381364932603,3.0963776731801205,85.23327093433853,4.045919625843088,2280.162561215828,1.9505422730849824
2022-09-10 11:18:09.378757504,Tractor,Transporte,6,18.758519066139176,21.07983598154932,76.60820674992881,4.778686798764723,1825.1397911923457,1.7904357248878329
2022-09-15 14:14:11.302605200,Tractor,Transporte,4,22.158436342419403,0.0,83.14527815297487,10.23500084558982,3372.939553090049,1.8337790563127725
2022-09-20 17:10:13.226452896,Tractor,Transporte,2,15.886873266581052,0.0,92.44235526782576,5.116502910342124,69.58847911924637,1.6096356221728774
2022-09-25 20:06:15.150300592,Tractor,Transporte,8,15.77506686333145,1.119942638216095,92.55203879147486,9.63358804914443,4367.541646553394,2.0857159823928804
2022-09-30 23:02:17.074148288,Tractor,Transporte,1,18.626135628353516,0.0,72.51285324514129,5.457564297193718,512.1951263478014,1.7965155227279097
2022-10-06 01:58:18.997995984,Tractor,Transporte,2,15.77008531093875,2.273089432814107,75.1394243196034,5.11524754710448,4998.568375524087,1.7446255861518423
2022-10-11 04:54:20.921843680,Tractor,Transporte,8,16.209403974243088,4.734791435397264,89.25743801458624,5.692393045931407,3140.413145883605,1.7910933060115422
2022-10-16 07:50:22.845691376,Tractor,Transporte,6,15.501069857979482,16.562171882412066,73.2999654940884,10.928387859804737,331.23237052341995,1.957436796770247
2022-10-21 10:46:24.769539072,Tractor,Transporte,1,16.303458924516825,36.823995072499706,69.81262297086906,6.5744909340305515,2812.185297134205,1.7304993004545275
2022-10-26 13:42:26.693386768,Tractor,Transporte,7,18.419801166560944,19.69684686346896,75.46015705843186,5.193844768955763,1656.5389623280735,1.7108088162026673
2022-10-31 16:38:28.617234464,Tractor,Transporte,8,15.349325114347886,10.587976688630798,82.7020583317353,7.829755263272218,4765.216115631169,1.6855523705210889
2022-11-05 19:34:30.541082160,Tractor,Transporte,1,16.45883332304695,26.106141259424742,77.93653679651301,6.470772706066221,3777.355023909424,1.5874851511216455
2022-11-10 22:30:32.464929856,Tractor,Transporte,4,10.49014896746791,43.454604465560664,75.34869778170783,10.111777677944968,2535.0733432421816,1.8317564699910325
2022-11-16 01:26:34.388777552,Tractor,Transporte,4,14.931201021664048,17.290243107021283,75.74558542350883,11.91401056481725,2148.8869975373727,2.211305856815519
2022-11-21 04:22:36.312625248,Tractor,Transporte,2,13.287731510610673,19.9729569438897,75.87743502929884,7.739169983992503,4979.344328947682,1.7152037664322097
2022-11-26 07:18:38.236472944,Tractor,Transporte,2,12.631391617808337,42.24355056566967,73.32247111655985,7.065740078875644,3336.920424803804,1.8103989318167615
2022-12-01 10:14:40.160320640,Tractor,Transporte,2,13.615016562916207,32.948150227229576,92.68868944845734,6.0873185848249705,2569.6487119562044,1.8322740787828826
2022-12-06 13:10:42.084168336,Tractor,Transporte,2,15.108549441773313,46.65114279966462,79.1649826985195,11.76004859043124,1989.7205871014767,2.115418319907008
2022-12-11 16:06:44.008016032,Tractor,Transporte,4,18.215580235998125,38.83155225846687,82.23857706315174,7.3495494840421385,1622.914287202809,1.7533967400931083
2022-12-16 19:02:45.931863728,Tractor,Transporte,4,13.697169392233777,50.17107861074426,74.6578396151451,4.601971739424444,3527.097119008147,1.8500577675008727
2022-12-21 21:58:47.855711424,Tractor,Transporte,2,17.15186083863812,27.06100636220083,77.1162281343843,11.722943148462084,2939.427574530136,2.0770478702001056
2022-12-27 00:54:49.779559120,Tractor,Transporte,3,16.64954416967062,42.656074161535614,72.8788497194703,11.647939133994212,4240.924176519663,2.199210753043455
2023-01-01 03:50:51.703406816,Tractor,Transporte,2,17.600426277074778,40.825657265338414,61.063548212281546,6.921525471015689,2767.803616516872,1.9137587941367582
2023-01-06 06:46:53.627254512,Tractor,Transporte,7,21.148188861389517,27.50790688957719,68.52944568626029,6.133674117296614,2911.6569506590527,1.871388630894209
2023-01-11 09:42:55.551102208,Tractor,Transporte,2,20.78418571723221,23.24495904504819,66.40222619548251,9.123937020197719,2386.7824742159023,1.7080360719690013
2023-01-16 12:38:57.474949904,Tractor,Transporte,8,23.23334675858395,55.18115512947592,60.355133556427894,10.46031717707049,3813.104731455333,1.9552789399272048
2023-01-21 15:34:59.398797584,Tractor,Transporte,5,20.669319653370515,40.95479639620699,68.71720056383515,7.486789190551747,2074.960880492591,1.7831105540136658
2023-01-26 18:31:01.322645280,Tractor,Transporte,7,20.218431943846817,31.681984356172972,84.73872414744956,5.977316919477301,4259.698023649575,1.7940142938383903
2023-01-31 21:27:03.246492976,Tractor,Transporte,6,22.013928919687718,44.610569227791174,74.85966233365987,5.71254609776712,1635.2238057739999,1.6243643965596566
2023-02-06 00:23:05.170340672,Tractor,Transporte,3,23.962284260744266,61.49095712963626,80.83730651229565,5.939388544929763,3463.125231904827,1.6180601526842162
2023-02-11 03:19:07.094188368,Tractor,Transporte,5,24.590960510115856,13.376429741667991,79.18894490353127,4.06229646110169,4464.854495498261,2.027178672010156
2023-02-16 06:15:09.018036064,Tractor,Transporte,3,22.589055981897157,23.80435231298372,81.28483517558824,10.00758392719688,3845.369318480605,1.9059154044209605
2023-02-21 09:11:10.941883760,Tractor,Transporte,1,25.938791339041703,31.13394861205843,69.42532517054327,3.9446387716722278,1713.0407125797565,1.8275544265995214
2023-02-26 12:07:12.865731456,Tractor,Transporte,3,26.993957607143916,63.65965536048095,75.00304813381719,6.584830454404674,3531.6950147538646,1.668838091403191
2023-03-03 15:03:14.789579152,Tractor,Transporte,3,32.76401603097,46.1661824402093,75.61158519838983,10.514490034267785,1034.9240730498682,2.026354237392484
2023-03-08 17:59:16.713426848,Tractor,Transporte,2,32.06450080570003,51.82458367324604,67.57157427074316,6.636953061227099,290.8253972590469,1.6920631345010273
2023-03-13 20:55:18.637274544,Tractor,Transporte,1,26.73908000921742,23.865769823661545,78.48930263457798,5.652856181333571,3956.908698224254,1.783689394867674
2023-03-18 23:51:20.561122240,Tractor,Transporte,8,28.63061460170021,22.78337594395181,77.95374136533778,11.534283514229404,4040.0455761583275,2.0133408309822256
2023-03-24 02:47:22.484969936,Tractor,Transporte,5,26.767493265439963,42.940754254704274,70.29880128993918,4.138893781797096,114.6546945779875,1.7687666087159202
2023-03-29 05:43:24.408817632,Tractor,Transporte,4,29.24264505306077,35.895395026070574,66.55683203571712,10.96368512506027,4738.975069349868,2.150522474213352
2023-04-03 08:39:26.332665328,Tractor,Transporte,8,31.743296384444342,41.088173069264855,64.89802242851366,3.5586911886312413,2229.499134525846,2.07558397720463
2023-04-08 11:35:28.256513024,Tractor,Transporte,2,34.1564915349277,29.035168709896045,72.64144771751239,6.72176471567313,4526.360737176946,1.7325844977606648
2023-04-13 14:31:30.180360720,Tractor,Transporte,4,30.298799165341766,33.75665438448593,75.0569471541074,8.685489499480804,3940.8726282245343,1.8074996646525774
2023-04-18 17:27:32.104208416,Tractor,Transporte,7,30.804402053022386,30.233043443406416,68.44466082322218,6.330345457275127,4503.267639043562,1.872271334465643
2023-04-23 20:23:34.028056112,Tractor,Transporte,6,27.79928026775846,37.035136384511205,73.86695304348024,7.811457788653126,4166.878165585344,1.8450204223329445
2023-04-28 23:19:35.951903808,Tractor,Transporte,4,32.382225670774034,35.55565615771611,75.6449907394427,4.8360149992846395,4869.976847934121,1.9060871716517902
2023-05-04 02:15:37.875751504,Tractor,Transporte,3,30.57750245233218,0.0,79.40701842967555,8.12131065720153,3145.505006378934,1.767518666830187
2023-05-09 05:11:39.799599200,Tractor,Transporte,1,31.823215536019223,0.0,84.5731552831282,4.211028452093143,1136.2942352625105,1.8996915451407639
2023-05-14 08:07:41.723446896,Tractor,Transporte,1,31.06560381218159,32.29360350136329,80.60543537881564,10.164866844806188,1947.8156536649376,1.996336666292547
2023-05-19 11:03:43.647294592,Tractor,Transporte,2,32.7275326334926,33.0938187380534,66.29010948269406,8.254109220979169,3759.3962430954057,1.7779045359093935
2023-05-24 13:59:45.571142288,Tractor,Transporte,7,28.94206004000701,0.4291499320458705,86.33746424866202,7.337389033369673,784.8463940153077,1.769177337719179
2023-05-29 16:55:47.494989984,Tractor,Transporte,6,29.390585187194812,0.0,72.92743615714753,3.492001162497732,4649.211680895099,2.01721944811154
2023-06-03 19:51:49.418837664,Tractor,Transporte,4,37.047732576408805,12.82706713839934,78.67636510191154,7.4979690232505005,1026.3945681446573,1.8151723705724696
2023-06-08 22:47:51.342685360,Tractor,Transporte,7,29.21452853055619,22.96704822325696,74.7454709127513,8.072124873251163,4379.873690898052,1.7057430993846592
2023-06-14 01:43:53.266533056,Tractor,Transporte,2,29.175797272154107,33.433506237115665,71.04089418503501,5.391007620664481,2418.619724192939,1.8207161095875284
2023-06-19 04:39:55.190380752,Tractor,Transporte,2,35.186223465037045,14.232457685647383,62.10004401373564,9.098313068173997,4203.100741856704,1.90312855197185
2023-06-24 07:35:57.114228448,Tractor,Transporte,4,37.03962279701594,0.6630248682318385,72.35370297028777,3.6908863384216852,4791.478487388895,1.99061637437319
2023-06-29 10:31:59.038076144,Tractor,Transporte,8,27.525334098240286,0.0,67.40983365378224,4.8782017330364615,2110.737260378624,1.8463742623160266
2023-07-04 13:28:00.961923840,Tractor,Transporte,5,28.701817573362785,4.162526585583536,81.82515713753298,9.637936655918118,3483.022704589518,1.8907774581281969
2023-07-09 16:24:02.885771536,Tractor,Transporte,7,29.631819235015296,0.0,85.12961921058013,4.3249999703342175,1133.5880170467588,1.8235658458412487
2023-07-14 19:20:04.809619232,Tractor,Transporte,2,32.015880248857364,0.0,70.41297597711977,5.209939376603545,4003.9285833926924,1.8285640770024154
2023-07-19 22:16:06.733466928,Tractor,Transporte,7,25.34286122901365,31.006841048603427,76.86127574107257,8.857698131139458,4099.628246415537,1.907967673298146
2023-07-25 01:12:08.657314624,Tractor,Transporte,1,26.101951611693245,27.044238203059574,70.74842874761474,9.55957533430001,1476.2285201639802,1.873098292435151
2023-07-30 04:08:10.581162320,Tractor,Transporte,2,27.60283748963128,17.907982227114964,71.53545991963911,3.463403291610888,120.7038123534493,2.0254656472018313
2023-08-04 07:04:12.505010016,Tractor,Transporte,5,26.086318449541043,0.0,81.91675676585287,4.139304719269935,2156.026258899123,1.893590346557482
2023-08-09 10:00:14.428857712,Tractor,Transporte,1,23.531074543486405,14.363467535158744,76.78381693590659,7.015062052589364,850.00267122606,1.7219755122688682
2023-08-14 12:56:16.352705408,Tractor,Transporte,7,23.290340742396097,11.783560274093588,87.74358416981995,8.335154503489766,4092.755401344365,1.948786954117416
2023-08-19 15:52:18.276553104,Tractor,Transporte,7,19.789184001882187,9.61655268832005,75.8110665120581,7.084031109110497,1305.486390085781,1.7934765184344346
2023-08-24 18:48:20.200400800,Tractor,Transporte,5,21.52794511426436,21.660503079525583,83.12839695849237,8.82362993530582,4718.463962732636,1.8598024416111132
2023-08-29 21:44:22.124248496,Tractor,Transporte,3,20.718250567147038,13.951309896963128,78.61698798748817,9.803936158697631,4859.044805384446,1.8589322294507926
2023-09-04 00:40:24.048096192,Tractor,Transporte,1,20.944712667639553,16.6696514583998,82.51044650811956,11.545894627571121,4544.179620352307,2.151904198806384
2023-09-09 03:36:25.971943888,Tractor,Transporte,5,18.5155283770408,16.415052165629767,75.92341495080566,6.148926418165024,2998.072388530871,1.7063863929652412
2023-09-14 06:32:27.895791584,Tractor,Transporte,5,20.109459116747086,13.580361212294104,77.9779073868455,4.467942916540195,1337.1400199295797,1.804283778768663
2023-09-19 09:28:29.819639280,Tractor,Transporte,7,20.671310015443513,0.0,78.47204821880116,5.376756038593835,4036.292074165179,1.8374766389433927
2023-09-24 12:24:31.743486976,Tractor,Transporte,5,18.197623925095577,12.9282273614552,73.98023074822542,4.33348000546612,3507.9769060400718,1.906860828948515
2023-09-29 15:20:33.667334672,Tractor,Transporte,2,18.087315877402144,5.586380364172274,83.59501822126597,6.548210777756245,4885.841735251312,1.5563977934177369
2023-10-04 18:16:35.591182368,Tractor,Transporte,1,16.937603078403814,0.0,84.37333295602885,10.85310539311409,1886.260036581192,2.0135804937510646
2023-10-09 21:12:37.515030048,Tractor,Transporte,7,16.38113713197829,40.372757524891696,80.99810957124966,6.123539072499209,293.83999583860066,1.7655104546904012
2023-10-15 00:08:39.438877744,Tractor,Transporte,2,14.340486736032648,43.214268375867476,87.14548209582505,4.3394043200033705,4991.931644194731,1.8478039809165459
2023-10-20 03:04:41.362725440,Tractor,Transporte,8,16.312124911648926,39.896518829404,86.19510358198836,7.703695938206724,4191.318197194378,1.8052895519661711
2023-10-25 06:00:43.286573136,Tractor,Transporte,1,15.151718658717229,26.322675813889084,76.74141626524303,11.927494349941261,1107.4484414927454,1.9861936494006112
2023-10-30 08:56:45.210420832,Tractor,Transporte,6,19.78446864174973,43.54994143683054,78.22975457104623,4.6936309680188355,3628.1393294982695,1.6024273760989445
2023-11-04 11:52:47.134268528,Tractor,Transporte,8,18.519842932045876,26.696695385234342,74.04071520741591,10.000874565810497,3.4508753238909895,1.8720368832306624
2023-11-09 14:48:49.058116224,Tractor,Transporte,4,15.852397828606188,31.235183379336046,78.49297798632828,10.410230492168724,2789.0452894179025,2.008338477155406
2023-11-14 17:44:50.981963920,Tractor,Transporte,1,13.336398402085836,14.922990868248652,76.93992459509688,6.6120450915090165,1814.191205008142,1.499505073482215
2023-11-19 20:40:52.905811616,Tractor,Transporte,8,12.645837777081049,37.578963454026464,88.68806155651582,8.575962947980724,1906.6652061881346,1.7744785250148085
2023-11-24 23:36:54.829659312,Tractor,Transporte,2,17.857529332289992,34.596679233015045,79.56431929711508,6.891361056760697,1222.5990308603791,1.6090703583151929
2023-11-30 02:32:56.753507008,Tractor,Transporte,5,16.073103807297876,17.494119508933846,78.0667093381045,5.3609424288597465,1374.2260781667203,1.7570610221824525
2023-12-05 05:28:58.677354704,Tractor,Transporte,8,16.835701576423357,36.5699399987487,84.74362067949018,6.835069200651242,2273.3433192807556,1.9182152667759536
2023-12-10 08:25:00.601202400,Tractor,Transporte,6,12.286406807441931,37.62770054699121,66.06584911486355,3.857611229670644,1240.7251773888777,1.9484442894663052
2023-12-15 11:21:02.525050096,Tractor,Transporte,1,18.568198262342495,65.25797615372474,62.59587694669041,9.362605022948035,2332.1997343471894,1.889607819241075
2023-12-20 14:17:04.448897792,Tractor,Transporte,7,17.986141618694035,53.840334312596006,80.57265561976806,10.462737284663737,2886.738602852278,2.0575967503486017
2023-12-25 17:13:06.372745488,Tractor,Transporte,2,15.053907741404123,42.58274593948091,78.08732330405431,5.766599400334345,3555.5571142625504,1.7627967915096043
2023-12-30 20:09:08.296593184,Tractor,Transporte,6,17.01802020523852,46.870486925151205,78.19673177571897,8.098291419419843,3385.72825341409,1.7957170610636102
2024-01-04 23:05:10.220440880,Tractor,Transporte,5,19.26922259630369,44.86525531014067,68.10817504657116,5.089336788354927,1209.9463655226166,1.8673297332984555
2024-01-10 02:01:12.144288576,Tractor,Transporte,3,19.581354941053,42.18457432609051,76.03235755944202,4.147144051555305,195.9479521405655,1.9445650184069971
2024-01-15 04:57:14.068136272,Tractor,Transporte,4,19.50778612793159,30.34995988179965,89.16533452708802,8.972567086009438,4163.4093304656535,1.8922289879512162
2024-01-20 07:53:15.991983968,Tractor,Transporte,1,20.635984208862887,43.70879497225331,80.6258996478929,4.206968368571212,4361.564214822966,1.885227890437614
2024-01-25 10:49:17.915831664,Tractor,Transporte,8,21.045592447877638,35.53637353344481,77.20937203142411,10.037811622855507,4894.447598666357,1.9255366453970872
2024-01-30 13:45:19.839679360,Tractor,Transporte,2,22.689609371204206,28.47303684213556,73.54647031207806,5.445790938758317,4798.557786180939,1.845738706743585
2024-02-04 16:41:21.763527056,Tractor,Transporte,3,26.35745329980096,52.96777419711779,70.57003229808389,10.366620537023946,3169.07013346492,1.9549588502266302
2024-02-09 19:37:23.687374752,Tractor,Transporte,5,18.246226541638606,50.96033071824627,63.16180691776668,6.316541169513842,4471.358519707891,1.8535456944653708
2024-02-14 22:33:25.611222448,Tractor,Transporte,6,24.145300712756214,19.98184468147261,77.89643970154448,6.319583333786863,2240.0420966069432,1.6712804999899968
2024-02-20 01:29:27.535070128,Tractor,Transporte,5,25.975889451823292,42.48940506353042,78.98218493767054,9.755154846052358,3936.678198625215,2.044228874264692
2024-02-25 04:25:29.458917824,Tractor,Transporte,5,26.99391140569577,57.32478728531058,62.91243206215794,7.59239197171924,4776.672711283589,1.825107467831059
2024-03-01 07:21:31.382765520,Tractor,Transporte,5,26.262354060414257,57.24875488069042,68.65977433455888,4.808796837688865,3981.39278603832,1.7394859986787028
2024-03-06 10:17:33.306613216,Tractor,Transporte,7,23.930843486651103,55.67980705390834,66.62503242195892,10.653676932480916,2078.8268297590016,2.048486748640026
2024-03-11 13:13:35.230460912,Tractor,Transporte,4,29.20422364610434,40.63330313030914,67.13575030458617,6.061378883121836,1888.796235333825,1.7039531060145212
2024-03-16 16:09:37.154308608,Tractor,Transporte,7,32.936663764359274,26.90935976371243,73.04030866230868,3.9249908475456134,1457.7137709366123,1.9534501159023303
2024-03-21 19:05:39.078156304,Tractor,Transporte,7,26.377881123090784,22.11070638001822,62.89247216658592,6.744009404305898,1835.3176215691374,1.7207697474143488
2024-03-26 22:01:41.002004000,Tractor,Transporte,8,32.226150428544834,40.55124981831782,75.56236999468628,8.16565586852711,4102.883308961015,1.8061116026514137
2024-04-01 00:57:42.925851696,Tractor,Transporte,8,30.22891172756422,39.056462409630356,77.2184943221842,8.488968005451877,3507.501606092884,1.9116697049959113
2024-04-06 03:53:44.849699392,Tractor,Transporte,7,31.28210681326364,50.03880290756317,69.94154285453119,10.520470607734381,1249.3958977086222,2.037137118665261
2024-04-11 06:49:46.773547088,Tractor,Transporte,2,29.511158882101086,45.626240134375834,57.5367441206073,7.872661414141271,3557.675642913751,1.7107635295885628
2024-04-16 09:45:48.697394784,Tractor,Transporte,7,31.44437417939369,26.5396455554106,67.29278563676502,5.013394347606151,1896.9773301999603,1.7134886097445023
2024-04-21 12:41:50.621242480,Tractor,Transporte,6,35.33243767270157,9.103822325732295,80.70275263311204,5.354996976623172,2788.862535183227,1.7984397030917125
2024-04-26 15:37:52.545090176,Tractor,Transporte,3,33.98370244982732,20.168418475321932,56.22426498016324,3.907565294649624,1851.8463638467308,1.98204017565822
2024-05-01 18:33:54.468937872,Tractor,Transporte,6,36.6781303779334,25.78565214199297,69.41466172320276,9.623318603126355,2608.1467644292006,1.864837418147526
2024-05-06 21:29:56.392785568,Tractor,Transporte,3,35.556976214373506,18.03303775613742,65.43241063367472,3.9534739184978216,3649.0194754627237,2.071973143850188
2024-05-12 00:25:58.316633264,Tractor,Transporte,5,33.96467086971338,10.544867889679033,78.49619757393502,8.45231369047316,3655.653253102495,1.8991129151806208
2024-05-17 03:22:00.240480960,Tractor,Transporte,7,36.78882971303961,20.362719901437465,67.84420829546038,8.372526546419518,3765.9128965054742,1.779018035620315
2024-05-22 06:18:02.164328656,Tractor,Transporte,2,33.80526416540752,8.006939463942125,76.35132650940567,10.06953201277822,1955.1939774509801,1.898156203060423
2024-05-27 09:14:04.088176352,Tractor,Transporte,3,34.48300375703145,4.575518776253036,77.3576696979533,3.67166729716879,3452.47721456677,1.993765438188337
2024-06-01 12:10:06.012024048,Tractor,Transporte,7,31.766885726388544,16.113484406721152,85.00986628160643,4.826202091600543,1193.558157235413,1.7887323920507736
2024-06-06 15:06:07.935871744,Tractor,Transporte,4,32.26140606255198,4.600496810935365,73.52281647117975,11.186061393208247,2387.1421020993275,2.1582245321109426
2024-06-11 18:02:09.859719440,Tractor,Transporte,8,30.21633780718631,12.222923303122135,77.10271412097069,8.15013146515811,2915.5345840163827,1.8946159831596059
2024-06-16 20:58:11.783567136,Tractor,Transporte,1,33.50611505285163,11.319728296641987,64.85694859300595,7.1192119179907065,3432.4109363601274,1.7720526507511636
2024-06-21 23:54:13.707414832,Tractor,Transporte,6,28.260935236176223,0.0,83.65115404710077,9.729086389160535,4559.979958771252,1.9816196963993666
2024-06-27 02:50:15.631262528,Tractor,Transporte,7,31.93683409625531,0.0,70.65905497788245,11.122774059802424,1523.8431826989545,2.1175073469335493
2024-07-02 05:46:17.555110208,Tractor,Transporte,8,29.214100593658245,24.291782411996927,70.8671972147334,5.367086732545941,4226.429573224798,1.7808175097734371
2024-07-07 08:42:19.478957904,Tractor,Transporte,2,31.58649443766489,0.0,75.21124017772202,11.11328065930209,1555.6212600466536,2.0829721521487006
2024-07-12 11:38:21.402805600,Tractor,Transporte,8,30.000840802086216,0.0,66.52239964723071,3.978251634366783,2759.5470951766347,1.9870071037377015
2024-07-17 14:34:23.326653296,Tractor,Transporte,4,31.66137485392042,0.0,76.69113897470147,11.799147429568903,4140.499237123996,2.157024472034673
2024-07-22 17:30:25.250500992,Tractor,Transporte,3,28.543651526372944,2.524349012219203,82.012571682342,4.483666425896491,3615.748026348452,1.792083655903391
2024-07-27 20:26:27.174348704,Tractor,Transporte,3,22.73574554371847,2.436051705954111,80.00520786420594,5.396127317420645,4314.348344386648,1.7204905308386635
2024-08-01 23:22:29.098196384,Tractor,Transporte,6,25.289000901782845,0.4056917046947872,67.98300896292808,3.8693454608247713,4074.4059625818672,1.9400498305963059
2024-08-07 02:18:31.022044096,Tractor,Transporte,6,21.934840243825622,19.323823550683528,76.4340442646284,10.233088561979404,1381.7363096726854,1.913571395550422
2024-08-12 05:14:32.945891776,Tractor,Transporte,4,22.599246358508942,0.0,82.94243719239881,11.85808855837511,4964.683358559056,2.0061027808482232
2024-08-17 08:10:34.869739488,Tractor,Transporte,1,26.292296803182218,8.833234829879018,65.22310473670046,5.672788577127912,4684.992161035363,1.8178073620280464
2024-08-22 11:06:36.793587168,Tractor,Transporte,8,23.60593398972518,25.86454516932427,69.62016340714398,5.930507643616145,2150.8731061914486,1.7853916810094335
2024-08-27 14:02:38.717434880,Tractor,Transporte,2,19.91476152396829,0.0,84.68909509110023,5.510819130420023,236.04737844438117,1.6624020994766278
2024-09-01 16:58:40.641282560,Tractor,Transporte,1,18.490114802948696,0.5527584892216666,81.50481174501394,4.393452901934326,1517.4833659456506,1.8476728120920594
2024-09-06 19:54:42.565130240,Tractor,Transporte,5,20.084546750700497,0.0,81.84223813001535,10.086997950648232,4180.762652982134,1.942693228936093
2024-09-11 22:50:44.488977952,Tractor,Transporte,4,16.65760918117442,0.0,91.72680563232882,3.546478560082102,4754.352097494168,2.0618966848666775
2024-09-17 01:46:46.412825632,Tractor,Transporte,5,17.089432361638224,5.371706339842646,82.80027883727642,11.709967174268545,4158.359771299413,2.0225269558811108
2024-09-22 04:42:48.336673344,Tractor,Transporte,8,18.65613154414527,31.429709956482952,81.30330522562959,11.345839720581434,1983.7161830229804,1.9648572055837346
2024-09-27 07:38:50.260521024,Tractor,Transporte,1,19.95975201443973,38.76669734151179,92.57722417093511,4.065951767558218,282.68249843165614,1.9635080206849627
2024-10-02 10:34:52.184368736,Tractor,Transporte,3,18.254359297880725,10.019511386253782,77.9265859862985,7.765714660894342,2587.9142200477036,1.6727244112636201
2024-10-07 13:30:54.108216416,Tractor,Transporte,5,11.423648165780277,43.14147242526177,74.16310876624499,11.935662227799032,1881.9125443157868,2.113183557276237
2024-10-12 16:26:56.032064128,Tractor,Transporte,7,16.739206930690987,18.77233758574914,81.60626895688102,10.673573241435836,614.861935890424,1.983505432228541
2024-10-17 19:22:57.955911808,Tractor,Transporte,5,15.891822638213391,44.67191211100812,79.89805528407803,9.436203533627035,529.2667319455275,1.894067276176239
2024-10-22 22:18:59.879759520,Tractor,Transporte,4,16.368775746041678,20.688712589787094,75.85553913002519,3.2021485089681176,765.184418280479,2.186114990916373
2024-10-28 01:15:01.803607200,Tractor,Transporte,5,18.767229833016327,26.09763054084494,71.5492769978476,3.6153970083141727,1029.1183669231984,2.1553126116714965
2024-11-02 04:11:03.727454912,Tractor,Transporte,8,10.538278051298725,31.26829143287372,94.06920589995602,10.146153885984232,3768.9320468273595,1.834579497174107
2024-11-07 07:07:05.651302592,Tractor,Transporte,4,13.708777899417678,72.52851989781018,77.76070696570714,6.388003687718719,1908.5173525035393,1.825435900901005
2024-11-12 10:03:07.575150304,Tractor,Transporte,8,16.30747618215612,41.7857302590998,72.95581262710492,9.015886897131429,2184.6906509758933,1.6712858051382906
2024-11-17 12:59:09.498997984,Tractor,Transporte,7,11.592737833235475,21.765809392927107,86.096858820611,9.652634643388422,2991.90667491559,2.032658363703744
2024-11-22 15:55:11.422845696,Tractor,Transporte,3,18.45010423200471,46.97657365094042,75.52946671735512,6.799657597725801,4800.6673871600815,1.5973867748153436
2024-11-27 18:51:13.346693376,Tractor,Transporte,2,16.20921240545221,30.018461072596544,76.80801009437701,4.290435756307016,3782.3452445016924,2.077493647976626
2024-12-02 21:47:15.270541088,Tractor,Transporte,7,17.520717137148402,29.819176464934106,81.2558521162903,6.480250527712906,3228.563069406005,1.7247862661880198
2024-12-08 00:43:17.194388768,Tractor,Transporte,2,14.794651747752019,51.18127761537174,69.37607606966691,10.839435980867442,3719.16066803909,2.1281581569950725
2024-12-13 03:39:19.118236480,Tractor,Transporte,3,18.232925086746345,40.266888415553126,78.91288836989757,5.9797720112878086,3596.4626055929375,1.843668071247413
2024-12-18 06:35:21.042084160,Tractor,Transporte,2,19.241075049574846,44.9855326057499,87.54450997057933,3.5638449833511574,3451.246304971384,2.0072961719442204
2024-12-23 09:31:22.965931872,Tractor,Transporte,5,17.903126654016805,42.40872067979385,79.53827398989446,11.632182754663035,2482.0355974992835,2.0725517820371597
2024-12-28 12:27:24.889779552,Tractor,Transporte,3,18.45569967798281,47.91789138552511,73.84980117916322,9.126092180764816,2834.235400699893,1.813347780371376
2025-01-02 15:23:26.813627264,Tractor,Transporte,6,19.037008897496232,49.88774374100714,72.7033957040263,7.867710767438093,2307.457332244734,1.8635288806507861
2025-01-07 18:19:28.737474944,Tractor,Transporte,8,17.17156441005387,17.545799340675764,76.52424866915642,10.461966120131141,1974.7924852349902,1.9565116118755217
2025-01-12 21:15:30.661322624,Tractor,Transporte,7,19.411474363066404,54.56769409058894,73.71679237739298,6.7004461028738636,1353.8403587812647,1.6933846408940243
2025-01-18 00:11:32.585170336,Tractor,Transporte,8,20.239788413780907,31.966673722343028,74.49190096083962,11.866042146095358,1776.066006311951,2.167735521016031
2025-01-23 03:07:34.509018016,Tractor,Transporte,1,22.14645785699055,25.745734146736332,82.0869496647618,10.718157624580414,2142.6480865482717,1.9419158449519651
2025-01-28 06:03:36.432865728,Tractor,Transporte,4,24.250198469156174,45.18094250441514,63.89870051618823,5.524902674903917,2896.8970249224294,1.7426604402717685
2025-02-02 08:59:38.356713408,Tractor,Transporte,2,20.48381256336157,47.0725639052576,80.63686079287565,6.339431884598759,2499.37548601507,1.7636745621752121
2025-02-07 11:55:40.280561120,Tractor,Transporte,8,23.308358025685326,35.92397874062384,73.09003724090486,5.481686677786011,539.7447713862957,1.719382594604804
2025-02-12 14:51:42.204408800,Tractor,Transporte,6,27.61644635179799,56.843801634825645,74.44842636025687,8.934067585634148,1699.8682772863021,1.8270666099218857
2025-02-17 17:47:44.128256512,Tractor,Transporte,3,23.492575004659763,25.83838198426171,69.34860072842295,8.753987379606642,1880.9673430081502,1.9766420079481428
2025-02-22 20:43:46.052104192,Tractor,Transporte,5,24.08240066676966,38.19858071849421,82.88705971024771,7.702552861614453,3534.629825565462,1.776067562755528
2025-02-27 23:39:47.975951904,Tractor,Transporte,5,27.08532217525342,34.82741415962215,81.60775386692276,11.69256337115548,1664.4604217772724,2.0785731659974522
2025-03-05 02:35:49.899799584,Tractor,Transporte,4,29.37032846118902,41.1223249521392,78.58814219691315,7.250477593599207,39.779077923189355,1.7596275708832387
2025-03-10 05:31:51.823647296,Tractor,Transporte,4,28.23666777848417,44.4992510731064,63.86869753692079,10.053501547769088,421.6831166502083,1.9909196901453974
2025-03-15 08:27:53.747494976,Tractor,Transporte,1,31.802955114460485,25.182557483314657,78.22908753766997,8.922856054590028,2484.9920898511496,1.78288532068181
2025-03-20 11:23:55.671342688,Tractor,Transporte,4,31.395825141017927,48.01785434306281,73.99916337901296,7.663664461302015,942.4775213618531,1.8247625957163227
2025-03-25 14:19:57.595190368,Tractor,Transporte,3,31.95377427442564,37.24216152137397,62.60517859944569,3.3788559649025847,2473.1120563961636,2.1212753396058623
2025-03-30 17:15:59.519038080,Tractor,Transporte,7,31.866604589306792,8.263727408718623,74.43980589842023,8.917455214381185,2871.026860430612,1.722119185167048
2025-04-04 20:12:01.442885760,Tractor,Transporte,7,36.26501445315612,5.642053779952239,75.44308757319875,8.783355758486028,4667.189512846773,1.9993946139734724
2025-04-09 23:08:03.366733472,Tractor,Transporte,7,31.136630608378187,31.134220244139065,76.34789331047541,4.123865951332933,3277.899621744099,2.027906313369355
2025-04-15 02:04:05.290581152,Tractor,Transporte,1,27.63849331377052,26.036237775874646,75.70719651980347,10.163234778245993,155.20361316716358,1.899974118495928
2025-04-20 05:00:07.214428864,Tractor,Transporte,7,35.89224054398906,25.82509576222486,73.51909664971011,7.2029467510053795,1903.6525914242225,1.682194801366191
2025-04-25 07:56:09.138276544,Tractor,Transporte,4,31.61074962517409,25.00022124900369,82.17788828478734,5.9173141296432785,3967.2848539076926,1.7761438498325808
2025-04-30 10:52:11.062124256,Tractor,Transporte,4,33.046117682741176,26.658520075305564,80.05738066448022,10.415634472613693,1302.8122799496405,1.872172088176492
2025-05-05 13:48:12.985971936,Tractor,Transporte,8,35.81575660517136,34.880175259410485,53.871741444740735,6.090338635480413,4624.865357501205,1.8648596985596797
2025-05-10 16:44:14.909819648,Tractor,Transporte,7,29.469679241958616,4.187658254944509,73.84596827589283,8.596657121554436,2645.053542818189,1.8058392701007409
2025-05-15 19:40:16.833667328,Tractor,Transporte,1,30.23442932549059,1.4970440105155198,74.71028004997333,8.56123321310843,462.238459111029,1.970748015537044
2025-05-20 22:36:18.757515008,Tractor,Transporte,3,29.392191304871805,0.8046978927128556,65.53576577551601,3.4752538431594027,1208.3527009014017,2.003201473647287
2025-05-26 01:32:20.681362720,Tractor,Transporte,6,30.99331877477033,18.0820955846086,74.67086913145558,6.805502675172443,4531.4959954433125,1.7519637526067458
2025-05-31 04:28:22.605210400,Tractor,Transporte,5,33.490958069628434,29.818316750948647,79.78524597001719,5.005008749387608,4957.298755874049,1.9009774113236015
2025-06-05 07:24:24.529058112,Tractor,Transporte,3,33.39728910139572,4.787938341485275,67.80850658964914,4.796135957109502,4315.079462836768,1.792356358172875
2025-06-10 10:20:26.452905792,Tractor,Transporte,5,32.511244573304374,0.0,77.03947003148271,8.894656997644889,1603.3834232596062,1.88536806505758
2025-06-15 13:16:28.376753504,Tractor,Transporte,7,28.396287675940215,0.0,70.9663584496423,3.1026899575717835,3844.095062550493,2.294444659762085
2025-06-20 16:12:30.300601184,Tractor,Transporte,2,25.967592536543275,0.0,73.2798704701318,11.721710803930467,1111.1382179812783,2.0657705002295845
2025-06-25 19:08:32.224448896,Tractor,Transporte,6,30.662722441890566,0.0,84.53240895035852,6.558519054043391,1922.6114372406382,1.6558574926290226
2025-06-30 22:04:34.148296576,Tractor,Transporte,6,28.95018483538329,0.0,73.01208838694491,5.689231756004146,3485.840643003487,1.6465342081768748
2025-07-06 01:00:36.072144288,Tractor,Transporte,8,30.274621911195826,4.238749528316959,78.23805730287987,11.279769599437117,4844.506695922809,2.113440975843838
2025-07-11 03:56:37.995991968,Tractor,Transporte,3,30.161693523692037,0.0,64.61609857034186,7.380049278961605,2195.9913839070355,1.8095616462653608
2025-07-16 06:52:39.919839680,Tractor,Transporte,2,28.24081020063209,17.238001810894787,86.31058165327646,8.5289272633675,2479.182105166683,1.9238470875372071
2025-07-21 09:48:41.843687360,Tractor,Transporte,5,28.89914940783471,0.0,79.90121238509684,9.262656737732653,1100.8426447552722,1.868630490669341
2025-07-26 12:44:43.767535072,Tractor,Transporte,5,26.99744136851457,0.0,75.85589646511833,10.842701461360171,2016.1137137468254,1.9107728839305216
2025-07-31 15:40:45.691382752,Tractor,Transporte,4,26.907205062093276,8.71736787272464,79.73836785844875,4.167677908353505,315.0930384782219,1.7149344390327732
2025-08-05 18:36:47.615230464,Tractor,Transporte,7,23.42579530543911,0.0,69.74205506940945,3.7348786118282127,4292.929478134193,2.2249247625671043
2025-08-10 21:32:49.539078144,Tractor,Transporte,7,23.808728501615544,7.923305719418419,84.52826501739703,11.943397059012652,116.67294607100199,2.1747349268679392
2025-08-16 00:28:51.462925856,Tractor,Transporte,2,23.708651563592145,4.482820439336231,75.79943766461727,3.0799542146346344,3417.6229229667583,2.22787776196284
2025-08-21 03:24:53.386773536,Tractor,Transporte,7,24.312936756979614,1.6364543677262615,76.53513869534842,9.373752782535234,1366.1085072708352,1.9213612955286852
2025-08-26 06:20:55.310621248,Tractor,Transporte,2,20.884606301401146,26.740171839482187,74.00124035755812,8.49958825762759,2380.5471601658087,1.7225254089670616
2025-08-31 09:16:57.234468928,Tractor,Transporte,4,22.157096855448167,0.0,75.16110768411963,7.9729591953825025,1407.7922004987875,1.742456228605627
2025-09-05 12:12:59.158316640,Tractor,Transporte,1,19.70747829194049,35.38121306069784,80.83990922273544,10.07245163262084,2000.3533401345219,2.0956534621577827
2025-09-10 15:09:01.082164320,Tractor,Transporte,3,19.342938404516463,4.595044548397469,80.79780909517278,11.932256528719128,2733.8894320952295,2.1841191441583923
2025-09-15 18:05:03.006012032,Tractor,Transporte,8,20.76820079193952,0.0,83.04161857123941,3.4219723934453468,3204.4670571609736,2.0252485126872757
2025-09-20 21:01:04.929859712,Tractor,Transporte,4,13.937640950757583,11.508597257216199,80.54836974974413,8.530774433788622,4701.430715495582,1.7408877787155903
2025-09-25 23:57:06.853707424,Tractor,Transporte,6,14.891227183269793,0.0,84.26726935231866,9.450999016851455,1661.0045088782394,1.8638333942872076
2025-10-01 02:53:08.777555104,Tractor,Transporte,1,13.849382735348971,3.5173892471311614,78.75823243930714,5.753453755557167,2924.2875648687595,1.7361966202349264
2025-10-06 05:49:10.701402784,Tractor,Transporte,6,11.504261117563576,21.32249385419424,94.04610014897449,11.03575246428838,4508.610736041221,2.2073171807211174
2025-10-11 08:45:12.625250496,Tractor,Transporte,3,14.728490312685857,25.325126298341978,69.81143578810959,7.112935573047407,1451.1590397517127,1.7539887040871838
2025-10-16 11:41:14.549098176,Tractor,Transporte,6,17.50939881413444,10.667289242116077,86.98395121706157,4.4803061575675205,4325.249905627405,1.7596733984804032
2025-10-21 14:37:16.472945888,Tractor,Transporte,8,14.934049971117506,35.06614461990563,86.57523564484224,10.689670344182701,4787.775481949246,2.0063810578801484
2025-10-26 17:33:18.396793568,Tractor,Transporte,5,15.758479251942841,39.33280459243467,72.62495505863166,11.486330583821795,4237.468528134568,2.108063387634615
2025-10-31 20:29:20.320641280,Tractor,Transporte,1,17.54631681192779,45.12759336431303,90.02422331001607,3.8956342653186926,2849.302506707985,1.8547819183964218
2025-11-05 23:25:22.244488960,Tractor,Transporte,4,17.963077468826782,34.315292536174255,83.34064118068859,9.765127804390978,3610.5776999664745,1.9625198109369615
2025-11-11 02:21:24.168336672,Tractor,Transporte,1,14.848079398766709,48.222917609698605,83.17217284259323,4.935127972486978,2405.3293427552185,1.902090641134908
2025-11-16 05:17:26.092184352,Tractor,Transporte,4,18.016270462962982,4.622488540993146,79.89263937683876,3.0604999590211954,2986.279022248675,2.2366556994202287
2025-11-21 08:13:28.016032064,Tractor,Transporte,1,15.34551675381003,28.2703136379915,77.4640870958151,5.3455244059684945,4872.370334891361,1.7135063224960432
2025-11-26 11:09:29.939879744,Tractor,Transporte,6,13.470504258319902,22.28579154730258,78.64600722356617,10.694188516986722,1255.6027807777248,1.9691747792620595
2025-12-01 14:05:31.863727456,Tractor,Transporte,3,14.23927099532224,37.71881790324427,80.74193329729478,4.270654891053591,3962.7356127032203,1.7530434934688137
2025-12-06 17:01:33.787575136,Tractor,Transporte,2,12.586440683672064,29.58606806097766,88.03497796603995,4.176019946986145,2531.1657487740163,1.8909794913190159
2025-12-11 19:57:35.711422848,Tractor,Transporte,1,14.24670016460086,36.696397556304774,79.56582844505384,9.651429355801406,884.3662671593632,1.9459262847940597
2025-12-16 22:53:37.635270528,Tractor,Transporte,8,15.827596657497073,66.69823586034701,70.05582056222453,6.657236747081743,3217.67690352222,1.6864511433292622
2025-12-22 01:49:39.559118240,Tractor,Transporte,7,18.952459693998353,39.40158110548211,81.56107499297188,4.336374652811418,3962.134532675383,2.030609056794738
2025-12-27 04:45:41.482965920,Tractor,Transporte,7,21.500410551569658,48.618351713234354,80.51229264826063,5.070003388339545,2843.779096616847,1.8579947322854715
2026-01-01 07:41:43.406813632,Tractor,Transporte,1,15.280507750841602,40.52354684748332,81.73789571009348,10.15141732487044,4187.164004958296,1.8195725042455586
2026-01-06 10:37:45.330661312,Tractor,Transporte,3,19.806342075891212,45.590365858430694,80.29354444391353,8.609419110522175,1829.3430704349366,1.7023728731905416
2026-01-11 13:33:47.254509024,Tractor,Transporte,8,17.311135089676995,45.21788384131483,75.09810323036102,9.848358953098487,4568.841494937213,1.8585170267091367
2026-01-16 16:29:49.178356704,Tractor,Transporte,5,21.335404516828955,51.857205559254886,69.21009697158601,3.879959150892339,3241.600499931636,2.086589810900864
2026-01-21 19:25:51.102204416,Tractor,Transporte,2,20.720841516207297,62.182435244919155,68.96395006588924,7.122938545647412,4015.7966246578153,1.8406383625169838
2026-01-26 22:21:53.026052096,Tractor,Transporte,2,17.721512872657794,69.0574242656822,64.86009706256804,10.173956257031989,1364.9256242915396,2.094846846053487
2026-02-01 01:17:54.949899808,Tractor,Transporte,3,24.701560145370994,50.26487799755042,75.15495537859182,5.392134757815879,2230.6415595145836,1.7757197904851778
2026-02-06 04:13:56.873747488,Tractor,Transporte,8,22.09778975176837,53.95234953124445,73.84889292502196,4.522700715384257,4548.087058700727,1.832506496762927
2026-02-11 07:09:58.797595168,Tractor,Transporte,2,23.027918597095873,29.194656448276973,73.36472974797604,6.436055044354729,254.47775250940774,1.6558076933246817
2026-02-16 10:06:00.721442880,Tractor,Transporte,8,22.621254435973245,43.5270195778116,57.26668643511402,6.000419764549026,2019.9085678159029,1.7846360214882022
2026-02-21 13:02:02.645290560,Tractor,Transporte,6,24.30029061074776,57.21841130696242,65.83352056351627,4.669255009939832,3901.5932902691793,1.8159203502390353
2026-02-26 15:58:04.569138272,Tractor,Transporte,8,27.43321425036714,55.32671216423649,79.09728194765158,11.585504328206326,3719.0734508900096,2.0779279985723678
2026-03-03 18:54:06.492985952,Tractor,Transporte,7,26.809235598335277,45.172500938469845,69.41521146512628,7.347885640998961,4258.114153846832,1.9066627003810328
2026-03-08 21:50:08.416833664,Tractor,Transporte,3,28.658499065901815,53.4916577407402,74.2537427736162,8.47268720498932,3696.951673393716,1.8252132611920588
2026-03-14 00:46:10.340681344,Tractor,Transporte,7,29.54465924520497,46.43357730851948,64.00057049964516,4.089962178746355,4735.460745845032,2.0238289321245535
2026-03-19 03:42:12.264529056,Tractor,Transporte,2,32.29312097882811,54.9737716329808,79.33173882092709,8.490315793183616,2491.2977767502293,1.7093951086094141
2026-03-24 06:38:14.188376736,Tractor,Transporte,3,29.232936137579735,40.722390417985885,72.04651515808017,7.997904238876173,3121.4491842664547,2.0224357237376345
2026-03-29 09:34:16.112224448,Tractor,Transporte,2,27.29311328671983,30.099777974979837,76.17967049055089,11.387363949957294,4238.528792801133,2.0473608164719677
2026-04-03 12:30:18.036072128,Tractor,Transporte,2,33.39685469300395,38.10760720222942,85.61717103256038,6.710851209648394,3508.454749281736,1.8156620545020998
2026-04-08 15:26:19.959919840,Tractor,Transporte,1,30.774339590359627,0.0,84.72762174691056,10.038558904285953,510.2835943683459,2.022587485750261
2026-04-13 18:22:21.883767520,Tractor,Transporte,2,34.35488698644793,35.22304252351184,69.71855242513992,5.737628806159098,1834.982262973958,1.7220636388258228
2026-04-18 21:18:23.807615232,Tractor,Transporte,1,33.08695387017298,0.0,71.2602450362173,8.210463206950925,2762.9539916593603,1.8848641999468407
2026-04-24 00:14:25.731462912,Tractor,Transporte,4,32.283267949185,1.640958388981872,73.0163094775495,11.342733575197782,3773.5877193078445,2.142554886879979
2026-04-29 03:10:27.655310624,Tractor,Transporte,1,33.54304110794168,30.20385379039461,75.30301679984805,8.625641796830067,2717.8378440928664,1.7881720037861355
2026-05-04 06:06:29.579158304,Tractor,Transporte,1,37.207041790701076,28.67504530963327,70.45218694297874,9.400428153898575,3887.7462069189596,1.8450356572103006
2026-05-09 09:02:31.503006016,Tractor,Transporte,8,37.55733944014284,3.841036563151082,70.57618340087708,10.883860726823315,4188.047382314539,2.0327004371659245
2026-05-14 11:58:33.426853696,Tractor,Transporte,1,33.1473360214424,8.299739347937049,82.93754074891444,11.328819269779196,1325.6413514759051,2.0622826691341314
2026-05-19 14:54:35.350701408,Tractor,Transporte,1,33.28732955814579,35.65324127298414,71.21191600214323,4.874473876827604,3080.4908658105674,1.9222036507168083
2026-05-24 17:50:37.274549088,Tractor,Transporte,1,35.17679084741765,7.941450363215129,87.25034173257053,4.762542284662667,2785.551887403915,1.8778147642026621
2026-05-29 20:46:39.198396800,Tractor,Transporte,2,30.75763045496683,44.43958899378299,72.624117603772,7.954285142179072,1136.586263274339,1.799417233505472
2026-06-03 23:42:41.122244480,Tractor,Transporte,5,33.096143749706705,11.41370169982968,84.61516391696463,11.95964738675725,2449.390446184157,2.182716650081779
2026-06-09 02:38:43.046092192,Tractor,Transporte,7,31.919431690752255,15.358901619438873,76.14340331494536,7.41137090979702,2742.841422843587,1.6159626020433058
2026-06-14 05:34:44.969939872,Tractor,Transporte,6,32.27932360996093,30.90342450201577,78.4077262158491,5.978144667930845,4086.699376029323,1.7077332583425235
2026-06-19 08:30:46.893787552,Tractor,Transporte,5,29.311602329641463,8.838671302934943,71.08617917128436,7.835351474397797,2304.9468732114015,1.8219217005676664
2026-06-24 11:26:48.817635264,Tractor,Transporte,1,27.151426539407314,0.0,71.77444537568297,3.579561967041317,404.5799123797472,2.1268687641440898
2026-06-29 14:22:50.741482944,Tractor,Transporte,7,25.542217122475197,3.3277075927319393,79.95224312980504,4.594860932789226,2436.479791161036,1.8562515141382108
2026-07-04 17:18:52.665330656,Tractor,Transporte,1,27.053720229719314,3.5036581955331014,82.58222471874748,4.340283756118589,4189.754721882164,1.9914971004036182
2026-07-09 20:14:54.589178336,Tractor,Transporte,6,27.871311396079644,0.0,76.8865800233749,3.251239905639467,2856.277261637728,2.216271082620852
2026-07-14 23:10:56.513026048,Tractor,Transporte,4,27.567723940537782,0.0,69.03293661030959,9.499910727407556,1594.3261385110895,1.8698739568185245
2026-07-20 02:06:58.436873728,Tractor,Transporte,8,31.632809019966462,0.0,67.16696664527578,5.929270912756412,4604.854739921292,1.7464968761682669
2026-07-25 05:03:00.360721440,Tractor,Transporte,3,29.07474828656194,14.992889174673817,66.46158855261197,4.516826801178809,778.2569231303088,1.8826984927839312
2026-07-30 07:59:02.284569120,Tractor,Transporte,6,23.776094366343862,2.4878668959325436,67.27360494246876,7.610193934730611,1634.3882624665112,1.7522511345568432
2026-08-04 10:55:04.208416832,Tractor,Transporte,4,25.894791681106586,0.0,77.99373506829522,5.910999653748583,2185.6734531479,1.880511838093791
2026-08-09 13:51:06.132264512,Tractor,Transporte,5,23.463045780221908,0.9066499662807743,84.86566550986802,6.537159937182712,3689.8894396293817,1.6678482560715049
2026-08-14 16:47:08.056112224,Tractor,Transporte,8,22.959150820643178,5.952498798809289,77.80760258732128,5.8397863535563,4178.733960628805,1.7846738821558867
2026-08-19 19:43:09.979959904,Tractor,Transporte,6,23.221671209009987,12.056312745120225,63.74542151320976,3.0358516292294895,292.80238122599724,2.29553771388019
2026-08-24 22:39:11.903807616,Tractor,Transporte,4,23.414103808354486,0.0,77.06050090506864,9.194959779770326,3960.1791023179726,1.8603723955338107
2026-08-30 01:35:13.827655296,Tractor,Transporte,4,20.41062665904565,0.0,78.27948668953837,3.996214308606537,3602.642076253316,1.892668620785992
2026-09-04 04:31:15.751503008,Tractor,Transporte,6,22.77441228247738,21.774961165774524,89.26295130922361,4.972281573566725,4473.261524059082,1.7961649645427116
2026-09-09 07:27:17.675350688,Tractor,Transporte,3,17.224984160929345,1.7256479875525947,71.49037622715319,4.712853392074484,4502.21495412771,1.8917805938853893
2026-09-14 10:23:19.599198400,Tractor,Transporte,2,19.08602030434477,0.0,77.37582727788416,5.982305659488367,3887.6277933022425,1.7169129169864854
2026-09-19 13:19:21.523046080,Tractor,Transporte,4,24.158217414750723,16.44588968745591,86.86406881310816,4.441779115467205,951.0134213184351,1.7745779540699802
2026-09-24 16:15:23.446893792,Tractor,Transporte,1,18.346454838000557,18.244709562165013,81.21903408980589,6.122569117691587,1569.3575332802534,1.8475221647190867
2026-09-29 19:11:25.370741472,Tractor,Transporte,2,20.466523693457475,0.0,82.61659514838844,5.189379112269608,4681.59849424249,1.8183138363722178
2026-10-04 22:07:27.294589184,Tractor,Transporte,4,17.022005705713564,18.279917801777117,79.66741120100136,3.550936018551699,2990.866499269289,2.1266470208882926
2026-10-10 01:03:29.218436864,Tractor,Transporte,7,17.57738205842337,27.484306084971124,80.0288330246977,10.835066794528462,2693.8036719464385,2.0852669736631153
2026-10-15 03:59:31.142284576,Tractor,Transporte,7,15.802991382162991,24.24974392735531,83.59463068372575,5.750229963888403,4578.547200219992,1.9359068254049185
2026-10-20 06:55:33.066132256,Tractor,Transporte,3,15.240940857406398,29.71517119792497,73.83153909071716,3.857539317387425,4370.992870498323,2.0550326430649797
2026-10-25 09:51:34.989979968,Tractor,Transporte,4,13.650887902430982,3.0899206046363545,86.64334705922745,7.693737410569106,3637.4807665819044,1.7340640049125147
2026-10-30 12:47:36.913827648,Tractor,Transporte,2,16.12616135180904,29.275751913440082,70.1757652724784,4.109479665319229,4411.261520797718,1.9513175442415367
2026-11-04 15:43:38.837675328,Tractor,Transporte,7,13.185080330391653,22.291274224222533,81.97212778341435,9.957838813111621,569.1748859774199,1.9018270194361182
2026-11-09 18:39:40.761523040,Tractor,Transporte,2,16.46782293287143,21.636959280622108,79.9777510107632,3.5542014891585563,3787.7198329995404,2.0087224380301327
2026-11-14 21:35:42.685370720,Tractor,Transporte,7,17.402755673195326,42.41936858659258,73.21772749830157,7.181723549498082,4828.2010109843395,1.6582741408040573
2026-11-20 00:31:44.609218432,Tractor,Transporte,7,15.923045297056174,53.08212715112214,76.44425232198668,11.494436971042004,244.88396140702196,2.064824457633311
2026-11-25 03:27:46.533066112,Tractor,Transporte,6,14.643859239172516,59.21024420795209,72.80258881366014,4.430721482925722,1115.228258953171,1.905236572264408
2026-11-30 06:23:48.456913824,Tractor,Transporte,3,16.493779786453302,54.13855934569902,69.86588436591495,4.812318092149482,3969.8419443270946,1.8113431398761652
2026-12-05 09:19:50.380761504,Tractor,Transporte,8,15.100305366759706,35.750421021358484,76.13317099024354,8.40418420255694,2600.235822153262,1.7430722336647864
2026-12-10 12:15:52.304609216,Tractor,Transporte,6,18.182699654808484,43.681996723355326,69.91756357071863,11.818686644358054,433.0917727063066,1.9981393204487612
2026-12-15 15:11:54.228456896,Tractor,Transporte,6,12.498740217641226,50.82764002567919,79.89601450633073,6.472521734570344,1339.7901457801058,1.924846802055884
2026-12-20 18:07:56.152304608,Tractor,Transporte,7,16.248080664761414,43.01783900360074,70.37123168213127,8.83780583499486,1620.2979996132383,1.8856320896806282
2026-12-25 21:03:58.076152288,Tractor,Transporte,8,13.11706885784318,44.25320842296201,82.54063136386424,4.370853565034706,1605.3136092297439,1.8043294183642218
2026-12-31 00:00:00.000000000,Tractor,Transporte,1,14.883357132953217,55.096008346403735,69.69426992818116,8.77257419937872,4388.363747344159,1.8920570094492184
