humedad_grano,velocidad,fertilizante,pesticida,temperatura,humedad_aire,horas_motor,temp_motor,rendimiento_real,costo_real
17.914151239263294,6.636634675776691,127.62869415896272,2.0469640675351948,24.28829412087895,70.29615180537867,2149.413618124097,82.05177566620111,6.693025559204198,864.0453560637644
13.880047681278514,6.074221978366023,100.82852254505354,2.0003172734278567,23.004733733277384,65.73370398012544,1812.6153110706691,94.57708715262781,7.328620466100722,761.4077100004888
19.251353587419374,4.136623720058251,113.42107736656565,3.560117383099871,29.604058940700643,77.13002533932259,2579.6764828253545,89.08674670612746,6.508464433168398,1024.1811485634291
19.82169414917364,3.1969958527509235,155.35641510934968,2.7642319564932736,28.511126491770032,69.26680158872632,471.3003003560532,74.47612996249316,7.421925972508565,343.515112774155
11.14689443403849,2.0,130.11973164799824,2.3306129579644845,18.571250714338035,80.26587781176704,1240.7839350114473,85.29219721723078,7.679140395345493,563.493198769544
13.093461479413046,4.347805390480839,143.6083990747335,2.8989755528557786,33.73606952738243,75.79135514970478,1122.4871696343048,97.18489729459104,6.981614504290885,575.1984136646588
17.383521209501858,7.904498014696882,156.8031696880876,0.8142461221362494,26.434832547895,84.82550679105438,215.79039415483908,82.55015172362639,6.347390102873804,230.2306667996634
16.051272222969253,5.521861125756377,115.00634148409561,2.465493128287274,20.334413428705677,67.38194125859381,2036.1963228678164,87.58172024076055,6.978422281296944,826.1220493056974
16.949596527487135,4.328513256740613,160.24992654519224,4.09801134224381,34.13270468612325,75.57889102240932,1237.762066517985,88.36703070191317,6.558673735075501,606.8980643396011
14.44086821727926,5.558096251400367,145.15370413833577,2.605877205122138,30.754053429576924,57.39309390371322,1843.7787229919372,75.7070168066832,7.59099508918505,810.3595447071547
19.638193924588485,3.1268499764066684,80.60747652354085,2.5543305353354686,19.412748048312515,52.97808782661491,2815.863160597767,88.0856635937081,6.344225161563339,1082.061920985269
19.333375806286845,4.643211964762838,187.69219164744976,2.9385027037137568,37.663097041546344,87.6015146062846,1188.053784903435,72.84931878372299,6.625427598620049,609.5483338076359
17.19809209268365,5.119372967618887,109.97021024972335,3.2164841946514766,30.952784210197155,65.24307014484032,1147.3082104057069,78.99500714878883,6.904204730484998,554.3221877139871
20.381723620904097,4.896679217814742,63.79618627259265,0.9020266456881121,26.938823306249724,74.07320848793569,1471.1985018343976,92.60578373995354,6.721040654777897,569.1912339442949
18.402528026756137,5.9489673460280965,88.1982516165479,1.1541388145671785,36.54131283373068,63.85610021617085,1992.3484117900457,86.85405032246686,6.328365591843035,788.0865997653032
14.422122611350286,5.413574271483263,89.15819357286712,2.668233032868917,27.955786702977843,53.20226523620053,1059.9721848139102,81.56417753802778,6.820200708296126,494.4470590374516
18.106252352247495,5.801991221729597,132.08693274630133,1.9280987504819922,26.83150154937581,62.16474338873602,1021.4230417207216,87.5716881699615,7.227143253208738,506.0099541434176
14.123352197513004,4.1739532613230885,119.04597977815051,3.5496202097759317,23.038199303868065,83.5399102665157,2034.3135621448196,83.51926201795895,7.427765808326263,855.1748921715038
19.635350903921818,6.0773784900926575,116.52672129437629,2.247860488091821,30.491102635842473,70.32860111419136,1627.1835943028213,84.10062801881466,6.239157321416315,692.3266389945652
16.850222267041243,6.9547243371487895,154.78807861929914,0.9523754114295055,29.85961780394388,36.32790260404312,173.16304219710764,89.2545482137611,6.768711190021524,177.9993923004468
16.44541290936422,3.835820576418305,143.59501444770814,1.4855888665248023,27.088080839338268,58.77133315135768,664.7649203185351,78.18105807472695,6.9548128846744515,357.44967033362127
14.957211366788176,3.934765213142528,142.64191482577144,0.30025918429553977,22.26008187679438,88.73440689057068,2300.741518296326,84.32269124443752,7.195522083014345,935.033787207935
20.667624016022092,6.60294120358428,146.3931382931477,2.31269957017367,27.77957912499644,58.79304707225066,1641.1569698472874,81.50185444314678,5.814677855506989,725.6796187887634
16.536411553793595,4.770387215965927,154.64538672008953,2.3492926981884934,26.581207285427173,34.99281962398729,942.6824413776505,71.31517300319796,6.3003152417845625,491.8774981001033
15.715016533510678,6.684585670479868,45.68186632890229,2.160429832174482,18.999154087594793,90.39573328133815,1297.7542056590107,76.6363539500056,6.10627763242598,535.6377354069126
15.943599348535312,4.468957145729379,115.42246990942155,3.363103231223791,18.169125892054886,72.23588764719189,1407.9420036810022,96.54565157651066,6.37314134658654,615.1177444657222
18.596927556660045,6.746054691524853,42.79159742042104,3.458815869213355,30.390920272858615,60.94980711780799,1841.4400161680983,87.07778651668187,5.8290195360258785,720.5693572978694
18.096332193092234,5.157782980166543,131.4423970719118,2.363689261315111,11.388670109689865,56.42873395876897,585.0419630847264,73.41129358878888,6.875722246667189,348.8675048083864
18.238197834787965,5.309874587987235,129.81468111102618,0.7922450660185152,28.23246316176756,78.23527894687604,895.4305167977252,71.67716499321271,6.529646442480338,423.0838240851897
18.29246300902365,6.877661626003885,171.8212909915872,2.9938252643938066,24.131501653477052,53.87024899660711,1563.7734529180334,83.10268879911533,6.77087956571434,752.2637783779946
23.424942802611383,4.565875427066994,177.50537570884484,2.9442881828068606,34.84947964127946,79.22384636773982,1340.0992517027298,96.48949226541185,5.662959151681983,670.3467117577565
15.780754950846154,3.87065348489005,138.1110019300947,2.747513256125556,24.039190745076745,70.13292928586384,1743.1155095820259,82.50593492156518,6.746170533737192,766.1806956021903
15.463271812785388,4.461722950365974,109.98555690412401,3.2851837994464925,30.956905285511375,65.67022888231025,662.2955615842413,94.45599642723212,7.072576379382935,393.26944410599987
14.558681815256367,5.542800740771766,149.40644450182953,1.5681375228311678,24.618516952573252,64.18272208003393,1614.2772057627926,86.81544616654926,7.368169239781828,689.1107896847699
18.847938267726487,3.121089113383383,108.88329450702746,4.107004308948111,27.68248892091686,59.375479449287326,2054.950171626483,87.77000366276715,6.136539917630453,863.0050200455086
20.386916878162676,5.7649650831813455,129.94429394226606,1.7324577974865054,31.421019185520308,77.68460180313899,1692.09112828957,73.31423592556345,6.404641634236208,729.8353217548678
16.658157627035376,4.353474418858708,169.4454526784307,3.0993783417606835,24.22466570205252,49.01985751847249,1483.4670438569551,91.50018337399806,7.851305671981365,688.2660036967001
14.479530569112416,6.377375192880276,107.68914616042306,1.1501218444693186,32.97932930699042,37.67112309754686,1342.4698384604176,81.32054370181115,6.937966508752896,580.2874588806382
14.526556352926281,2.1268876341194343,162.22714556970004,1.7557882501839592,21.0378127373611,71.21660184338712,899.0893083370989,90.90473962888727,6.9165984718504685,457.922947372711
18.951778363474105,4.056121069874997,157.0960547476921,3.713094917380269,28.767557055350274,71.46857492100722,1356.800844536127,77.48664014411109,6.5693965627941395,665.1839883645498
19.229762513610325,2.976238218519078,91.80832731476714,2.2912801415993203,32.53583833672712,69.20361728767651,2155.823511728244,85.4163947800793,6.337738202179741,877.0838306143625
18.629462804915583,4.008524640363257,168.95576512869604,3.1719380841062383,30.96022495074201,68.11592554427058,1328.582896039925,86.81602363150105,6.672457348401158,652.3506410416182
15.003470878133918,5.2971990813307315,157.9426538148602,2.689564310975397,38.49866926041246,57.19189432493678,866.1176063909539,82.76773346739307,6.824213791323012,443.2200046406833
17.69648396920016,4.784928049460294,134.07703549490628,2.416033475199862,22.419364096136036,73.81224056578287,1104.6517467407682,87.23636154468926,6.104736037230808,516.2921071524469
17.350057427422186,4.695946917262382,99.5070616788939,3.5910802599461515,18.725104491908475,61.31662809868189,1520.5101783655582,81.86882339845992,6.177307206509795,670.1187181525295
17.65606579018704,4.808978154343927,95.6317592569772,2.31067294027848,21.033989349029284,54.69329658777233,1175.8916016914918,78.80752197566977,6.447819553548183,522.0504473666192
19.614286333844568,5.244065888743932,108.4934969238791,1.0754095139492235,30.96265539929062,57.321630316169,1691.1819698378845,96.84386706235172,6.211165425703895,657.1657414875347
17.670786646324046,3.7897567496682707,151.7037785316784,1.8574079264386358,29.98753760561627,92.30959548163747,1713.706256449418,92.39162293089154,6.54098085897828,770.6054563477295
19.036740689215684,5.848219569078861,91.77499330394409,2.9409533829613554,27.613539957884495,35.975358769318504,1933.3899082427888,77.91308203961458,6.253068984948615,793.506977074153
17.202737208466676,5.795199164462581,147.5004899447948,2.8164072850900066,20.26225770535722,69.49682156443698,2254.13568335902,88.5475544447569,6.828413096892057,937.2418767323569
17.86735819606995,5.462045525187321,80.3297788448643,1.2463533998116494,31.601203759974364,36.81334358564424,1997.5152346234165,78.05856916239078,6.7665547003574495,797.914395597476
18.893864677515623,5.667840131301515,121.83725662244603,1.9205259844734393,19.651771334096757,60.3764999251554,839.4565615112241,74.5225228507014,6.441625408845787,411.214939270322
12.628532540433,5.3557016009703915,134.38591018296034,2.0346229206382027,33.9536974942614,55.49558772268718,857.8793320542367,92.2704755311918,7.286775529639782,429.5917946184134
16.040986350928097,7.442087963277281,227.80520580235668,2.20762432470862,44.144630538839195,30.72457554980183,1354.5371141241053,70.36720299482076,5.9713490833886045,700.6930086995084
15.588882037121614,4.895486994736988,74.9073737791853,1.399269129118759,29.198706879429302,67.83556385650644,1129.2947856563512,91.41484730861232,6.887740189287665,503.13088369464936
15.083366455269974,4.631500137998508,188.88058265960535,1.997303113504417,30.49864881394646,56.29942906711706,717.0039638234343,81.97822149941553,7.4017308634907035,460.81997918726506
16.174573246319948,4.095766903571146,135.9936965594912,1.9171116117923779,24.042841386626645,30.511904861581343,1134.9849234962035,82.30762717535578,7.220015262324493,542.198932930205
21.48482393370319,3.7612847953065955,146.44687672063853,3.1172266078095356,16.138720073479103,74.59352136161378,1115.2922398285766,87.27800975698632,6.570624070963059,560.7332466329185
14.40250665292027,3.50663385487871,134.73391653552818,3.147297048792195,23.383683821818664,83.52509266983402,996.8913561432764,88.64959049595402,7.315951727967825,514.6495007965204
19.904835063774442,3.9334432241228976,147.78907272780933,2.3833516335289473,20.442628553407502,84.35186513444859,1210.5263083069967,77.38925458536873,6.441735168280399,560.2420600146584
11.951390685152585,4.915183542017514,123.85259582551929,2.1863681633034147,18.317972541509906,67.38434660977207,2107.070510190999,89.74180487000051,7.175954471336877,879.7412121171134
15.995344910042675,5.401154154197258,188.16200725829833,2.611939449631291,37.33415965197389,62.69087207865673,1519.5428247495436,84.9069643042018,7.377318777222971,713.4158359301321
17.488259195315017,5.061370470262594,111.74115423101111,1.84673991403554,28.637175108154636,81.92234931343695,2883.085445633282,73.95156165705569,6.342037788545799,1131.921306995401
18.758666994077835,4.081357667084345,175.2893828871699,1.5825343342660472,29.2781254836839,87.23575378010148,1502.3049116117895,82.64100413136208,6.495613969372041,691.1723592824362
19.133679739378564,6.080221476823956,104.22531519147908,1.7478230328594264,25.145865808822503,79.00353054313437,1225.960535637649,95.0502321244714,6.441408830947477,547.0436182033903
19.380041705599776,5.887295206761137,127.58992614394852,1.9921494688228347,25.96277350533938,47.876935966552985,1402.4797295929197,97.41275838596557,6.543543775193668,625.9927629152604
15.953824783254687,4.8084220310935795,87.12149790839123,1.569220960166183,32.787304093436,65.02017279822383,1553.895187066124,89.73878766086942,6.342465416542995,591.4363966350336
15.6129446220063,4.216500626402346,148.2009488139008,2.6296476472503,26.805977287828707,68.59274216437143,1661.1523743026382,74.47725209465304,6.968146047792125,742.9281087639454
19.573927643771462,5.658113504995759,187.80503827706136,3.083772539026967,30.184163628148397,34.85574546624156,2646.026795515414,87.9248552196471,6.66995268501553,1133.9231119882231
16.426087025355155,5.225568304983326,126.90575280716584,1.2303213593614064,25.823974212929905,69.04040989431161,892.8077210134588,90.80688723087354,5.914984357149434,442.4205344578959
13.172941029986234,3.2622472887019427,122.12457205184361,2.5201029689728265,24.947082655607716,95.0,1915.4276349066413,89.80566386654978,6.982077073871767,804.1680563804232
13.600138357989557,4.918423692818714,85.41532147728293,2.3240513637869316,18.558515006388827,71.59904248701187,1524.6503585684743,90.27963430950335,6.835677700421267,659.9137161809491
14.241643141995166,5.314442974489257,120.82829385790768,2.773206948429442,15.13350562579723,84.10119622162634,457.34135445762945,86.90610463398025,6.970751017168275,302.10920763158475
18.491482232161292,3.9203662562146953,66.28822961113889,2.4896489855171295,25.43062859360159,64.74372095193057,1862.419269256858,83.42070128935565,6.8367329134902,745.877451231229
17.427277208211695,5.227812071404932,93.48488053124692,1.3371205760546954,27.338980151959397,60.901725140242675,2160.574136482343,79.13306003276786,6.038670191423532,868.044481831822
19.071456062203303,3.2542130176906534,139.0714418443654,1.4900885609142676,19.283219779747256,67.71907085121464,885.6941577335422,68.81651585198803,6.210576305994131,452.2686827813277
15.718242060990397,6.603423320014605,182.76052790965585,2.523538860467978,26.793150809792202,49.762600280233514,1394.6396792648177,86.71713413370681,6.075959266928161,661.5443059205303
17.475619073230142,6.497539982071318,242.3684344491801,3.3230247357964076,27.322515377943013,47.54337219148417,364.78744279537796,85.4884227492175,6.790559044742727,338.65152225094613
18.87677118190201,4.696979198836442,106.53659659716396,0.7286501031655976,14.063951963643724,80.99456835754049,644.7161241893981,88.46060674259853,6.253700820641456,318.15806333317744
16.071960380839286,5.436145205406888,187.41200626581758,2.776581263841264,21.50925204312299,82.58513514299777,2028.8177465703516,73.29965045365685,6.921963246339399,915.5078653118004
18.370325712672233,2.10809364104015,139.7500992160659,3.4516976042301146,29.44358336241281,47.13340526618974,1120.1500963955393,89.16013351452048,7.07079897994781,548.6898931537041
15.014222176800047,3.612382807681601,123.95009413014496,2.3775792990350295,29.322352376374464,76.51998206830797,734.7182150371765,100.43636075696622,7.137883297617136,404.2463720957988
15.910838460304785,4.647465295817444,147.30377806904607,2.9401619968211525,20.077950501601435,60.695600365909684,1537.6762186750577,84.62760104622329,6.989259705459229,702.3778354940279
15.854786318005013,3.713440374287769,132.47665934719836,1.937544735281758,27.950688302998408,67.09712861735646,1086.552541141386,83.50667744634768,6.747404830710379,536.4388500895584
13.412481063232882,5.85727577915679,134.41582902448874,2.4045070405784985,33.13444335216283,68.90327959152594,1117.5070053346783,86.47201884868561,7.537749736023693,531.0089939383741
18.460917442356745,7.396755836897593,113.66667348693323,1.2032691853534787,31.66243775394539,76.91525702186478,1843.595615404942,100.2586961976827,6.105281394100325,763.9302250710568
15.591792979391828,3.5880623366848376,74.07561360804597,0.6245253532649009,26.42828527791639,63.24077302794783,702.959984639392,75.81081790640087,6.327363023743145,324.3951090744679
17.037482356183062,3.995043915097769,68.25499189911673,3.2542126409802203,24.192142120054246,83.15242992952903,856.7808723909006,85.62565546715123,5.767525941793424,421.09173455278506
18.442239976717726,5.282538041971916,156.12979533124908,1.7120040578204465,23.223933093992972,66.64119259639887,1492.4479952893212,77.60274062161885,6.519011116781429,650.8676155105654
18.339593528089832,6.933339378199545,118.93199639657146,2.1355777239972555,29.80691869745794,71.36276408704299,1981.6458744489232,79.62396223324004,6.727787362132377,814.4868504258772
18.99615532691836,3.5331508249521164,106.15644401375334,1.3908461973838453,28.170623838857328,49.5010611269413,2142.89618089391,83.60327753694449,7.306473575317883,870.3599597726844
16.70454354647173,5.29884334676833,130.34022506892615,1.3720242375328993,30.776424036613204,94.37988516057251,1000.9629677830262,94.77858593290847,6.808353296554171,501.4649801984873
15.730105063867539,7.18555862097573,161.7972901166251,2.360929839924307,27.791242878726912,69.0473738480745,1962.4261801517887,98.4079248055099,6.467671807422794,857.4895553409423
16.7608453672808,3.017889022184879,137.21455772105594,1.9163382446914827,31.912583702084653,72.6949613801765,929.5146239177548,87.58513715701365,6.33504707531088,461.5261580264329
11.937996698125911,3.4627169517850014,103.7578025343613,2.802376798395759,27.567555197746202,37.87721283182688,2495.72560814408,80.98724221581212,7.204985037015926,1008.0845805146988
12.658662582730738,4.4916720722469945,179.05171822595798,2.862030735183674,31.70813229679012,49.65946965381349,719.737384748163,103.94191093310815,6.361470936107518,452.9079694721925
13.031901162936792,4.375293904573507,193.16742011926527,2.7566797170596855,32.224936622199834,80.56825531878096,2197.0872864750386,80.57956414936383,7.620138040561955,962.2364286508754
14.008259517195555,5.975121545304374,149.78226621291412,2.690880632742755,22.172840218651118,66.30336677438908,1006.1083359087656,79.4309126851221,7.525077409435298,518.0434614409926
18.19932268017031,5.289991663785005,168.9465404537636,3.762214563945509,16.151135718775524,33.29330397756611,2607.94787287676,69.80045564337019,6.959010248456938,1121.1219058780634
14.283562833919817,2.870045528429446,179.67839987255246,1.645924984764091,36.26095713608732,77.57434893475728,1754.7924373114906,95.16873255395795,7.11066844305372,815.8349401593591
15.865512337881832,5.618492483480973,175.20397265618055,2.456052107037666,28.53995238427357,53.84325793470915,790.3900823550669,91.74596473897036,7.319733319935082,467.39963130852703
20.897684893358196,4.306953335173219,154.56396708450495,3.406151856415671,16.71308462702327,83.16975478815068,1086.6569122744959,103.34244428893157,6.211678345641412,554.9482729730825
15.931208086815722,6.529336660329487,153.9338818829953,3.5116318474704293,22.717083016687734,60.6824648209445,1868.708723134245,72.883813182255,6.668029443209483,827.9761231503435
19.21254670540126,4.246894956275696,150.7864229338601,1.3625890805243417,31.63124575421897,65.07060029030795,2031.5866505693368,95.66536645983288,7.298368304198221,864.6170990575076
14.199146959970369,4.236061660277318,86.10649301811826,2.250115646675304,25.32193901320264,79.68431867887472,1357.5706449653223,84.56108414692902,6.737260913710568,574.7315977495128
16.38368732639711,5.6493579329654375,158.02892627438342,3.5864968766938086,23.92763148408524,48.53760543718006,1426.7949685780798,90.44880173440109,7.2617267636261005,681.3786447795623
14.149933835268257,5.915511778804324,75.76744115493784,2.906463284159252,35.4052911618778,47.107297882490904,1855.0118195864393,70.81778287116423,5.835720325795676,734.1191089209784
15.982900772298313,5.5377192367234445,98.2160217949978,2.656210425183818,20.71627712169714,59.05252369402839,1479.079056206492,95.74465458132238,7.208642058040225,653.8197764601854
19.520924412372185,2.97728321913823,182.14260271232348,2.3258522452522747,22.211079853471,74.40759199431834,623.8970843969745,90.29213401065465,7.2749933810346805,385.1555740028393
11.818038730422954,5.645641327913902,163.6088065077679,2.1929592594338034,28.268318850289607,42.03684121079764,912.2155852158917,83.68871972171026,7.275441278553572,479.27325469329213
18.303270930637574,3.7588303379907213,189.4959315874345,2.7305752504722594,29.342729592323295,36.97948100166355,1541.071965890999,89.16090150128898,7.091430249626622,736.0428194548493
17.713206806996833,5.282331333905916,119.13302465250831,2.298100700012413,29.978058206044388,74.35581390565689,2129.289449898616,77.87603759166201,6.833775370848444,905.1054403676324
15.217550132909617,3.291518677521128,83.9100463489293,2.465937103164445,32.46742826741368,52.955325311494946,2369.589454497229,79.3644793153464,6.4883607724895604,925.1638174873906
12.661826436834637,5.535586577051676,120.38251211718628,2.56287896489203,28.1914717240891,56.116609806195754,1867.71765246287,80.29244309099683,7.280633978722605,778.0720635133573
17.21638852314161,4.032081314831153,134.08125188962296,1.9575427772052008,29.936303633630455,34.14784397089751,1572.3744566218184,69.17817710647778,6.4162936980922245,680.507154878874
15.411521872808592,3.460838419687374,133.15954865360038,2.9257034991051505,25.4447444441095,51.81531028472027,1849.2883315894862,90.89406795362694,6.708525832854974,821.8912836648645
17.698028634064112,5.856584163778879,175.34721915026807,4.831395718732336,27.376189819420286,61.88649055053274,999.9494898758867,93.53274891346052,7.325300843898477,517.2346993158521
17.06555643657033,5.289973426012102,115.54918299986218,1.0784106885391398,27.645205080321805,75.95566786434338,1308.0614238450714,78.38924680188927,7.061225824557665,554.4773673201682
21.805336673962746,4.263227838328524,144.08137887211697,2.759210019351984,28.290588814914216,50.43154750648042,905.521567196314,86.78562412755855,5.953189166348032,514.8611764393023
16.281933117580927,6.741414618825277,90.45491402261575,1.8918479291048755,31.635238845496566,86.86064180348745,650.7544335753731,81.8756762029661,6.294506765889093,337.16205888678945
13.929507522134404,4.471217094116309,148.0126911217525,2.9619220620154,30.330874091668985,51.73165963730299,1600.129406981723,86.62619169664825,6.9324872509184425,706.2903314321968
17.537826904868947,5.038529208765121,130.12434200742547,2.5372459786622885,27.265302017401098,51.75362297622238,1511.3079839508462,78.97938207031177,6.975763527369908,670.6502900897649
17.659990051915294,5.322696137214321,100.0074664686193,3.109483819233971,22.14524409035376,85.06036327846704,1812.5914907054078,76.93259875129891,6.127508791632896,759.2937344766617
21.077562725721307,4.256400879045664,120.56682551300588,3.4404052612070237,27.406027548376258,65.17190228545876,1727.6670985354683,92.41659908818994,6.356022714255184,762.8622306271408
19.505333737743737,5.565363552079916,122.63297013939113,2.653936894214545,26.831893290625537,53.71962906482635,1545.5865627943172,83.48903531900406,6.710385869708294,705.9600628165138
18.07061317744853,4.3598571834023305,119.19379482651615,3.4056418307313425,28.15908947887919,59.6730030322911,1733.9699994065327,100.1768716068278,6.377159799574511,756.603023498155
21.389908673658685,4.506034013340549,200.85364969070736,0.6245616849690581,40.23915184284241,82.29610366313089,1374.390142263514,84.37047971835312,6.498104290479536,651.4723485462499
13.433710837031448,6.6351711677640095,126.06215990768482,3.7723618383328184,23.857363328752587,83.99304229438522,1647.7348371334404,76.59137567719605,6.932773219832276,742.8208185288694
15.080745401750757,3.75129673698508,120.2441555929065,2.800049721513872,29.533734114752157,49.74810231094616,964.3133583881843,93.81552701148752,6.84590770415924,464.2440387558155
14.220272175783425,2.104663602884612,46.101961695594326,3.3622746845961453,33.410772403465785,61.36349284881338,1621.823555383478,89.04640131316816,6.29781133436602,633.3532829430889
15.830570590532696,6.933124394014273,94.2317059208209,1.5240994041267828,27.588011484596297,63.3523524150136,1801.0506111716056,89.81498290957138,7.018669330644421,703.1172734149978
12.869941557331074,8.0,119.47706302174589,1.8353840947157314,41.02707071503299,47.206398342251035,998.1911431566782,93.52480543094335,5.893785791440626,450.3877789397619
18.905452840443214,4.5136768814608015,102.56589295293429,2.616750635315819,24.73176424961114,61.164724210250085,1431.099259395708,78.77762964923365,6.529895220013198,607.3284553980756
16.33333190870368,2.6757943512557776,185.26830373511189,2.4863696885300297,28.94453533392028,62.07984290677551,1025.8384942223843,82.9819735281177,7.056059161535706,529.9343057437919
12.587581116492027,4.627419228564867,123.40248898415126,2.726454870407992,22.207165530642108,79.10314218405104,1084.095982090331,82.62840134809765,6.6547650566813745,523.104943158865
13.953262756377375,4.656532460191197,181.5377699727301,3.367612128743973,24.89085158914024,80.11137542466801,725.0423869387072,73.67402770467505,7.103535002343412,432.1760641273072
17.940541542350587,4.772091390773292,132.4681853620147,1.0878237477577206,28.493603462379948,57.061859024614876,2159.4649550999334,81.89127879873405,7.198468775556958,834.8534941592895
19.514379703683144,3.663934349693782,131.48911345686307,3.279055257373847,32.077824373846376,58.790702842087825,2039.4111048320287,94.69103566301459,6.532553315410509,850.8891472278747
22.99019267507536,5.695473370971773,126.44814209149996,2.5066255279663414,28.914569004141445,71.96438453083454,1722.4603125364024,85.89870483035078,5.607608072204553,734.5969545492737
25.741587398021988,5.629408850343303,130.15185006485837,2.3369745111003617,34.55468909600842,53.22217326609483,2583.3175711662884,73.2315093772401,5.820516127479511,1034.9206615340056
18.24322829982799,3.2067132562168323,198.7518001219944,1.3231078124920876,26.43020813644397,70.82960227606104,1286.452582058965,71.55328470668051,6.832366991382824,658.5291516701217
14.031385639904407,5.839036078033866,37.21557092995127,2.9024389347014923,25.00698882096597,60.68140268946178,3219.0574490663807,97.31820846998617,7.981978694349332,1185.3806907581231
10.603861157806072,7.463221978335069,49.93817022245284,0.5687137191751701,43.22391064367632,47.45902133392069,1263.482350782068,83.27744791795897,5.948375984830482,504.98904090048626
17.80313438703151,5.206352398924472,108.27316675775545,3.01871520899097,29.365425896652184,47.6474493068053,1553.1160110536098,78.82071835438705,6.396648712932532,673.0719967300298
14.561176714069022,4.595209805517793,130.58111527750276,1.3063153316216065,22.683110724128714,83.70588044046653,1161.333251635875,81.80806588082397,7.610048499388238,533.1549568186147
15.753928219460944,4.829596142710974,157.6041769905605,2.542766330093979,22.834417426511585,59.65367781285052,1623.395336036183,72.18153796546135,6.28860030603683,721.4057928480946
15.163709602820576,5.738308120362273,148.923487921099,2.4046649301376637,21.343920512811955,86.60531140847466,1901.3689567317467,95.38476119609295,7.081516351296311,821.2406714420547
16.577627340750844,2.9231940733913384,114.6301634847772,3.435630517835107,32.619416135140725,54.29545608927635,1331.6501641681496,80.85557649931177,7.523396879911289,594.9821359903905
20.19794069236293,5.197268843572763,170.7617477296705,2.3570758647888876,24.813736242640548,66.3680780169724,2466.0319082705723,94.93921222190738,6.506655559244342,1040.2724664885998
17.471145702336035,4.531443260644628,171.20781612610924,1.9446891510834674,27.764174853938915,95.0,1543.4895707800765,84.41321371557852,6.189111906448954,706.5128633794077
16.524095488883937,7.217390015547254,137.36231325086263,2.0947178432230373,26.618947953370387,46.139198830050816,1562.2912316661195,95.43625579654751,6.487330306290476,675.5744513887889
13.893038741522565,4.79099271943405,168.50630289947367,3.518306215003731,31.38895444764561,33.53278250150335,854.6013832917695,86.05355599234468,7.868169963247825,501.1980843997275
11.97595116588693,7.001465133343423,140.90581053728516,2.929037575344715,21.91953544269588,81.2988519693085,1651.0994447302307,90.8258613029526,7.182622004366451,740.6703215044035
15.541076272780007,3.675511162661591,107.54067892868466,2.191496014781471,20.546566283141907,49.597863419103895,1319.5836675143805,89.7527443687067,6.481384905128587,573.9366198920497
16.83865234754504,5.704711000163351,157.9126735600002,2.3108428640283893,28.345783843089567,61.68940453840649,1035.0561623976278,88.98632853001577,6.622190405369652,527.5633608710543
22.30378974073965,5.383280316549475,134.4245249031471,1.2462583275316423,30.605755708199382,53.21122684322623,934.1153551109817,86.78347581746168,5.906979572199337,455.5221117281347
17.390823564418657,3.957143302562261,130.05359387017947,2.8107793606812326,28.995193878585845,66.02244171432974,3003.058027854011,82.13719427107532,6.84449709728553,1183.7367424881227
19.948218533069173,5.212875337564329,188.91814288758297,1.0921474338436274,22.143277625416033,47.741956892213864,1241.9136498925789,99.32347753258288,7.073405903371729,609.9594852752109
15.502113204382544,6.455022604197921,31.965114858396532,3.1014371726683647,31.064909052548362,59.30089868175041,525.8087475312393,76.7445041192328,6.889886156599613,240.6561976018147
13.445168700748926,4.611449954856079,73.2926331936172,2.6028972739930127,22.536834437426194,68.74722989834801,981.0671241604564,84.03446113874527,7.024437161080532,424.03444006134555
14.104649713302884,2.969644820996284,82.5171829450252,4.409561439659138,23.8707681312817,46.87536670588607,1369.059296314272,84.11908700166076,6.339864317457446,580.0883672550079
14.82432180639274,4.978924608227065,115.46957409724777,1.6198915570205554,21.336278851667988,51.498739555311666,1728.000219569891,87.21952602674817,6.408766390089317,717.8187489917999
23.385409197305492,3.9170922862489848,119.81567320935879,2.4178703271674937,34.806950091912185,56.789257496022024,1732.8779130351882,80.56421883284399,6.146191513119187,747.0785307736204
14.535839962326842,4.589190873603341,69.7069740890781,3.93863016073845,30.800529246164096,40.56776848660583,1805.968731065915,86.5179704447167,6.222809977763319,730.1529705573344
19.515467611209033,4.902094676377855,90.59367870756694,3.4531117122331314,30.62996025407324,55.6615852580188,1013.0838160176022,82.64925931837627,6.170687578862787,512.5584892928763
14.291218465738922,2.9532173407813795,95.56633285905718,1.9430303587360802,34.4832685268547,63.78194809854353,1604.2642661009272,71.3443798604968,7.0326901825947346,680.297040354515
19.79471903862273,3.0612099928151864,228.29696368303567,2.679173942698758,43.87589548943234,56.006765876173574,874.364321533653,84.07641829005478,5.53952447806561,553.1345579410005
18.15485289831759,5.57848020263063,202.06967790988585,2.5015994851320698,16.744643376539067,57.92935260602413,1028.2142101915929,75.19547733575878,6.491712718458344,574.8328385357178
16.53008630702573,4.372737564596384,113.53002329261403,2.7255646939153255,22.56974051473735,61.70147493640122,849.3746152998443,70.12491390040879,6.688547992695318,455.64416845168756
16.8777124215937,2.0,115.45666838772804,1.9410556512121362,23.302949494952856,52.16384806351529,686.9666872410384,85.09498656551509,6.894932410227775,351.03467455199586
15.035636913711828,5.941812843929762,84.03184011246823,2.4285436778394125,21.89508226570384,72.36593848800315,2038.5256933148053,87.90306673615653,7.192479665711601,776.8567919438932
18.33821660444624,5.326843706329088,53.674783470989325,1.2215580997786288,20.534500514377726,83.53967187202664,1813.1670205873327,88.21358433683662,6.4727177042392885,688.809615277847
15.63504955897766,4.1433502111562195,125.32479254365904,2.6080987614944657,25.202081615667808,55.03429411706827,1985.999221986878,88.53736565615755,6.918105722789968,842.6003145094114
13.323182708698255,3.4198037467301106,90.08592067023898,2.8600165387374656,19.70037770826357,69.27797347216561,1423.587839614578,68.53928783247511,6.621923061704962,612.8517377452433
13.166187277041143,6.0029694755772045,126.6059787335196,2.318064469884893,29.010254205224477,58.40574266848029,1866.084619319088,73.11186457674025,6.662465102418618,793.8525937232503
17.51776375316636,5.419220747072515,65.9917660382609,1.2079592875321696,27.31018992857169,67.48231017557757,343.22635721447296,99.78817149450937,6.037833944298314,211.1353672917875
21.737273769231304,7.859122739220888,99.5210216675897,3.29082549028117,29.886171988581932,85.48669296804881,1917.852510827213,75.62232991938372,5.860152131328001,802.707429452428
17.479974840720313,5.504226318469925,135.94508381211324,2.791620030394242,30.046370709829514,69.62989314527148,1506.2718980030181,88.88672824909351,6.851462892887695,689.6274298351459
16.644085021670353,5.465243769514418,144.64838391135748,1.9191879218392185,30.618041120560058,35.39878191785479,1776.2657600894995,78.50449902667323,6.0177747946958435,754.5405502511775
17.857478418807627,4.7996864838697215,146.69887834968057,2.2755196425295487,24.759546379056708,68.80993447170438,1628.0139794291679,84.63738191414052,6.407426544067926,706.5120295908159
20.918005225120474,5.980131040640949,77.1804406337185,1.2994644777745288,39.72686041580201,80.49295614963513,807.766907277868,78.93396638181125,6.133668949987865,388.77680690346335
17.65814750409157,5.7501022414977845,164.18742920542246,1.6796718977776766,28.406586698892585,58.67605745002846,501.176134765372,88.49232923695716,6.858916321589306,337.4803837419163
15.767218307498789,6.502070010278234,97.99153213592598,2.0697509229142885,15.82509148425123,76.93452209176749,972.7675002902221,85.0941929385336,6.177906551923713,440.2848762018514
20.318866130179668,4.374412497635259,155.31431658429227,3.482736649824121,20.985745525402695,51.64826688272081,1738.9503687637473,80.41368181084613,7.408864681077731,774.8630888835547
18.28626931538484,4.477511032467246,129.57445293527226,1.9883972872900193,16.556982065833104,39.716912607165895,1814.0548491052373,75.59862304255432,6.578751769592518,760.1756014483658
21.607267975987977,4.425076194905624,74.94450003688209,3.012170927463007,27.104007774907846,64.1175352824896,579.2346335708824,86.14219357994008,6.090602426778922,293.45269805875853
17.54970331166572,5.948962065414787,117.35209181675248,2.0693470377107364,26.269168655679998,35.65284918880529,811.3403795190712,74.29824960765927,6.781488600163012,390.33803180824384
13.326592904838499,6.798049328356078,144.61454968255072,2.6983580486815,24.189445812603253,58.403434806596124,966.0585884354964,87.41984833696671,6.953317379965475,472.266042757803
12.895522402263005,4.449391408220839,154.51861521898397,2.386883598284958,39.06555667440308,81.30263393968255,1185.6169638399106,105.0118792722952,6.304456486172265,573.2177395938508
21.952783796693748,4.49027152664829,124.36048410222325,3.198445280074195,30.293897244461466,33.35355641380579,582.7695014884087,94.8013604100961,6.9746848642335015,340.76241495395425
22.17099716234989,5.376892668643759,191.2711556240421,2.0721509294251534,31.356590168678007,42.80754806129153,546.7689403159204,89.7467830951533,6.813361414610644,396.4588872904718
16.461442360152198,4.705086199984518,170.30043083946236,1.2419773999980472,21.413559072347383,46.51951632257634,906.8988221554677,83.31514161807083,7.328137141142697,482.090821266936
15.850438036592037,6.142464383767868,119.73383534400989,1.394440774909094,21.005130652013925,61.050202104335604,1451.7523017350034,68.4899789839718,7.067221010568286,631.2973405371929
21.384332876726607,2.297867251257144,160.0048724854778,2.074498004845794,27.220832994581727,56.514248215306864,691.6433961479056,73.42170883279853,5.959242503580364,392.86374921167874
13.678862953869537,4.007953943699727,207.35173940752748,1.5007520234575578,28.038042837913355,82.9870457254413,1330.5178940169403,94.2623428488217,7.91101207669611,658.8742154588473
14.31581894313252,4.061100399246265,208.41938403132107,2.828169612543641,15.862130597313257,76.31522493637546,2035.1316896850892,77.68195135900176,7.024848663619398,930.2197045276712
18.929980384067132,2.2155727851366263,80.8800047671001,2.1273854681135376,25.918157862902795,69.42909419102897,618.932157551894,78.40598321468762,6.399157095418669,322.7095136423073
15.816184631421232,3.8436338667574352,92.93867555371398,4.399685240021145,27.08443249724103,64.18445471515827,1276.1325449536764,82.67479619452783,6.06001570129429,579.2319530569325
16.984634399839788,3.9018126609848887,189.39675146935403,1.1098283238902944,25.709105005373225,67.89844665477241,2014.8540402504636,75.50362992922756,6.209351838617203,896.245863575105
16.509671304426462,4.758674414577404,87.66875796649451,2.662906542967841,22.11965752591994,49.07026467029937,1149.0389657817145,74.1858501235869,6.735276795040378,510.0882537158376
18.0127236463968,6.335559069992316,77.09835466833283,1.5976375811954648,23.76278890847316,74.85815530334918,1055.7981854849486,83.59620741774863,6.054625777339974,466.9261429305234
21.222445583941152,4.705927218571158,110.55223477203813,2.105278927693857,25.938844838563224,45.319336184611984,2098.097488583884,76.86776436262372,5.353549930344331,847.2717240279278
17.271754720705236,3.7630235356746153,146.80906837898343,2.6131355786724355,27.544800141660286,74.53065490853346,1216.2787526170714,78.07185136176884,7.008742220462791,555.9606407729867
18.931816379830572,4.931654550543765,125.90413173555615,0.6397029001005705,30.62874949530341,79.79213753178246,2062.697015123341,77.75047179082395,7.343766957606576,840.9841383399269
10.849483696906933,6.259008345729619,103.97745518377631,2.689460893430422,33.48513722970523,65.16296903132131,1657.3792346763194,88.17888171067575,7.541052227622981,712.9616911580013
16.853844794209646,3.828849420662114,103.03150153101964,4.0223259698193345,25.2339136588365,59.35680411557036,1194.2932082540979,82.14299447603715,6.535425144399998,564.4886837901561
14.470309189121387,3.9073101392942617,101.50651742349166,2.1372493613051256,24.263062823307852,68.0046486246451,1687.8143183585182,82.57142425684917,6.9207981012938395,710.063968173325
13.343560818729117,5.670258751129068,94.81961485364229,2.7078462854444076,29.625934041205838,20.0,1592.2697083076227,88.77556717847106,7.297574038697229,666.510344611994
14.365542899213747,4.7341566611230395,221.26531509104245,3.3199373545003192,30.665069498465126,66.53387327728191,2012.5296926014844,82.86368313413648,7.804986060028313,921.8589333974755
15.997629677897564,5.776981628851369,141.9004428474222,2.368837199978403,24.394797400446688,60.29969003240289,1070.992677280989,81.77396985234262,6.785072217743317,533.3492025040417
19.74770762706804,4.983623849845644,165.47036217618955,2.0352318491748136,31.74236086179703,61.24057830414513,1424.723640068972,87.76360284456136,6.59614119453055,671.1401912315605
13.020821846781308,5.84199637770748,110.43690127524306,0.6794108770225982,32.87751204693584,72.59798769346742,1363.0905922372176,89.34558274846106,7.135618128656949,571.0322229671077
17.091894477783253,3.7579062631512308,122.56173291255804,3.0127925755159786,34.75011879395204,60.87846617652908,1822.4888849838708,82.82341200393117,6.922477944369479,796.3498527518597
15.547491699999265,4.985498419054079,101.4578407451858,2.4094652722168823,37.669925440318934,44.89689715023263,784.8924833334946,84.64486220496417,6.5209463074476,377.826866984628
16.016980716914116,4.747171982764212,23.931666603231918,1.6898529188894704,21.801503168043368,59.87895993761933,2010.1862289427136,77.74567816213337,6.321609326757891,736.2774075469496
20.00827347591381,3.5409308910750434,74.87962892608536,2.601277368222155,27.083389255995066,63.01333226121237,1679.79726330225,77.11453565468379,6.680378383113831,708.6390720308618
18.61434631101178,3.123826462557574,57.57525280078421,2.0330557145550547,27.06766617971196,63.72400867371519,609.8449558202323,90.15318001573446,6.698771236726067,300.8266249156947
21.01219432232823,5.822898842329594,40.0086488819357,2.0772590951075793,26.411558588804954,64.42879050927603,2124.9576952883003,87.55953650035697,6.0362079388107475,798.3381440010298
16.5364829622503,4.5788571413384265,82.18564102807589,2.9850329248869665,23.10442248233918,77.5905356737783,2740.4558484786385,87.64238750733261,7.266798664003489,1070.6409640471281
14.91217216498789,3.7732636620232043,182.99822717526524,1.4292940709409243,18.08662798061357,45.709481704487786,2001.1003817296446,86.24683478980418,7.0899527621287906,876.1216862589703
16.3284235493585,4.884585275692001,128.22255329182582,3.3378522288590067,27.556076676174023,64.63550684247275,2256.1908603358816,84.36962620651963,7.468150468890586,899.1949163016874
17.727490373813666,6.3536226288191635,181.62255049284695,1.381851069505277,22.389866042712526,81.34894547927361,1451.2228289615528,89.57129512658216,7.117279234856532,665.9831871821787
17.529720075361134,2.2631145855536925,146.439303076035,1.9698388733157888,27.51596088448575,35.98082754594207,403.09704815689395,91.48087008818227,8.068227454197329,289.41766112935073
13.7468357832999,3.2040335721160087,161.30235302860638,4.038356955253262,22.235738749806877,64.6947002117008,293.52772929948515,91.28982404152518,6.775751543420505,284.9719951214114
17.271469344883624,3.892536269725679,93.964120187817,3.401883809313938,20.40204992493395,53.21932247040435,1553.0492263206552,83.19377667243211,6.2701848052701745,669.6668174607541
17.684684990416716,6.753414640064395,150.95803816770683,2.578083193996352,28.405790162261386,56.43934423290342,1044.812715362012,95.09594183927071,6.863595862018625,543.1670574384282
24.55242211260176,5.339104379503156,159.14856936297383,1.7475758275990267,27.905529160838977,48.42788745178367,851.2542330035892,85.82768545385856,6.135296291373264,450.2369265849628
22.63053383384501,5.920780688553473,106.93410831065228,2.0765821546400853,30.475691827925598,59.456739264493336,1362.3519896187947,89.05900954052639,6.743417372391649,577.8096434217907
14.44026994832354,3.6318068970485236,152.38161482464665,2.558620251668557,40.115182598505754,89.61883421640357,1769.351172716773,86.25670312667904,6.481717327515919,785.6528110753427
16.137849915352472,3.6565569496753687,152.64751034299331,2.530018585871679,28.66373718726508,43.0335445823418,528.3454719427117,85.97605365987339,7.317780465902559,341.39718129137236
12.60967399448899,5.537376460067253,108.01789515479669,2.4273032562992296,29.910490602384776,44.45584996281759,1130.673427831769,78.11398407799744,7.469068712595183,515.5512488141081
15.22787895810954,5.069929197122536,85.08926270916021,2.4753339887326526,20.534632026796046,42.47098144754743,2305.9224098721893,89.61080670675861,7.031596883891195,905.9637858299144
17.946815010771022,5.658486582636952,82.63486672406911,2.328499912235909,19.27855535678175,87.9112742994215,754.8269718671752,106.76235515926112,5.674742385205571,397.1628927720837
20.6175608626647,4.774794810885857,133.46022167685848,1.3464170114879896,36.49697668064,55.0649044171807,1921.856712298974,81.00163940167933,6.772052451956054,769.3106864586013
14.812748486769173,5.333772471745553,143.08039475157258,2.0867914062713337,21.45912132040018,61.61541409478489,1109.1615430706038,84.56795772339959,7.5619086629545365,530.0847596449499
15.037560679796611,5.189742901886131,98.29896678168342,3.2316992431894773,20.73633557118815,55.9582558834064,1727.4762559099715,80.4303578852219,7.074055037988414,728.5117164880634
10.558132910784035,5.93332086690191,131.06341365304394,1.405332561959106,26.765406472700683,47.83365682395363,2058.3965043217204,80.09584078750453,7.193368338597787,837.6921977579366
16.512002238365277,5.968409938333364,152.8214814455394,2.3483555907685774,26.45884551973567,58.47274030078347,1844.769060191013,96.35559582494938,6.961501974077951,818.4192626620944
13.81275676442131,3.0561536067298762,154.72762858661204,1.844196856983325,21.58496096134025,95.0,1945.495761328326,78.61623185818029,7.190567949841772,847.6933266566203
15.411681717901779,2.3032777335909733,192.07520480489956,2.5890803435184893,25.1701606877214,82.88106381461382,709.0438799552263,80.2073562130691,7.483263203309041,443.0764670851468
14.369417665497235,6.2020944771818085,181.07923328792174,2.1890934551465455,34.37625430590062,49.205932733115915,2068.1958240447793,71.30005741014959,7.313160243328625,901.0894485695825
16.71721233724233,6.425270111914324,89.94834268973824,3.681914931979735,22.164038347009214,71.71361154592529,888.384131219108,77.93910620366202,6.254283461941975,431.7351213492372
11.726814825930106,3.775252376583995,197.3434483815209,2.905266523352203,18.63796509380297,49.527158410004354,1555.725059342923,70.33280085637321,6.9805633420689635,746.989733631501
12.598864263827029,2.7681975121452456,108.7609398177714,1.4505574673782309,32.655561725398755,35.35448541730669,1554.9477121983361,89.05443759369543,6.706736551022016,653.6348710348648
23.387741336084893,5.118841785208641,171.7949124981771,3.036982409290959,29.95378147162822,77.29266376496945,1691.0735353217485,106.39757777469848,5.922106195106799,773.0437065794475
13.137732256177907,6.117005871620635,132.71946504204357,1.8802785149903496,23.276888276108032,79.40139269965326,1602.1740056361143,81.06656965079583,7.108575168955454,700.8626684146423
13.709643264636082,7.157113426921177,113.5140248617213,2.038402902897973,17.506997903238492,77.69078376571849,893.7140128851661,70.6659365360781,6.951591276606571,446.06504290091385
22.51074058496394,5.619557086521741,57.69212560900269,2.7510552160856974,22.532259861368622,54.952021261706406,590.0795526225703,91.19999731543787,5.948266302731451,271.5004381726444
25.71520150772122,4.553939964097166,123.13741959134607,2.1066020642158922,26.671773378904373,59.49836398997021,1923.4092079770612,78.18460032855874,5.417888740132985,788.432596758817
13.485300113523975,3.928243254098165,67.62467058777564,3.2142846530583644,33.994032539302914,73.24648330487184,1511.5007465113492,94.39477544442832,7.401845863414426,600.4570189995582
15.895253129635908,5.013741550004785,168.69196943371088,1.8803919507892837,20.780508150782058,67.8724405602216,2089.6261045746905,81.74376761768045,6.9527144843153525,911.2581710100259
18.02466665282153,4.640882355337692,190.67170628556994,2.0048427579269092,26.49288071093116,56.095437930544335,1373.1602394872791,78.94547448733775,6.73347050374814,671.4924180352253
22.186092933216777,3.7819185131254205,98.1235604281324,1.974903285161513,31.050867959369388,37.713922698227535,556.9013835938238,82.5763395540345,6.168533291611586,310.5858144252613
14.039428764715288,7.458506781035943,142.07882970077085,2.047489001315969,12.712395959268477,63.70812791213018,1979.6778086024638,90.0622140874895,6.184072310628748,817.805377197515
16.26416646217367,7.142202082486557,100.98433911968098,3.37935324443825,33.202717007633396,78.1851445885417,1177.7776342033358,82.18063495395475,6.222795973253531,567.0749976215765
19.332012728185234,6.363258420266514,104.86061079452841,3.0030370348882425,19.905296566761375,44.036175664487644,1605.2020744526126,80.02620237765035,6.7419371091356375,679.3574445476862
18.304298223399854,3.894979522629047,160.97978815461485,3.8679551632096567,28.991972960741606,71.58139072513966,1011.5243429122885,82.40934717616902,6.039754452955376,541.7388665975132
15.871531786309703,6.026023189156734,128.4584695262635,4.314115363119404,28.480098897664465,66.97312542700539,2386.5810261402144,73.82515852399293,7.321918722205328,1011.2352701955671
16.598531106451876,5.7675516913974825,199.58592167724046,1.675426374454128,33.507518348783066,73.25222394848501,874.0611054900819,87.17625281835184,7.692630893769429,481.70755369091853
12.875312574890055,5.531054749044864,110.71070085188316,2.5563353018618313,30.305546285361242,75.0796324957851,1197.5421475362953,69.70618724924071,6.868867802179289,537.003173257387
16.285478768076004,6.499598320452533,169.97345329897956,1.5590397466852535,12.736257049620114,51.583021371119706,1464.4692216183898,80.44702836507588,7.135677103529975,679.2172363231479
16.200837529973136,5.762445371433532,133.89653651831128,1.8779152578013862,22.29132451706405,37.74560899752581,744.6906037478251,90.07508167064594,7.3083848340957545,440.7898042067913
17.696509668878768,5.888017083565202,161.83112038976932,1.9959339917954644,27.82923077611968,53.99720711475681,1598.311717152557,86.42438626346174,6.624915059669397,726.4315993749226
15.334018343542951,5.764287540046652,112.11369370680214,1.6542761006893805,25.83012068328128,75.33690976290511,2367.1462864804944,88.72256458389113,7.210225244283729,968.5717084370328
18.414615567635416,5.408949689602527,128.01764649793668,1.6584901816812692,29.86566437854062,53.869941447110435,1105.7227035837736,83.47963461824953,6.299202297488519,534.6341702264622
20.038147453459487,2.85966664434298,125.38004482804261,2.3845724971837963,31.73619933401823,51.58935014213537,1637.0856914190354,93.35796944788413,6.169488264115788,714.8803368627138
17.466287983005397,5.100345292892668,96.55771540616851,1.5266252652908743,30.650710418578075,34.679744871130424,0.0,91.39759357415834,6.214913528204816,86.31893733691898
18.05526922519761,4.33256964938105,156.4832613832701,3.1737015673101063,25.714350344673207,88.28971331826409,1376.6424797090956,87.5691280339814,6.880681792442802,670.4032138276128
17.1594660427336,3.4641908508319754,156.00996022313456,1.7657971700659885,15.921977933277118,74.38570462137965,1212.1746284442768,91.42036621850835,7.312098176939482,556.4703956462654
17.000253179274242,7.018179943160989,153.74218779622265,4.747655176077114,24.267112506871097,73.54843971912146,908.901438553769,90.00338843522862,6.654243002899016,532.1551796767287
14.835325899371458,7.074794409062845,191.4786261567058,2.138892439228484,29.49820888883373,76.5158808016921,2048.870281777119,80.48429189322488,6.6411295479093795,909.5976659688214
17.949482785019924,6.631064720354734,187.97379204945213,2.5576141135336417,20.457316484697134,70.65062542315103,1204.253791025703,73.24880870646933,6.437424186358308,573.4833733107282
16.70814020475953,5.306256100227049,115.00221240603459,1.4637270524271717,30.787648380729458,58.33506717230706,1293.5135077438476,87.362897006741,6.869539935205235,563.6706049853381
23.279504926791784,6.620750145143188,144.92209273736714,3.8648734065021113,32.45035978360383,59.543538438166976,1173.6842751265574,88.36871384665143,6.770221537297943,592.0934100161776
21.720064707425728,5.01446381672219,105.0559724296715,3.395600544642333,27.761201857775056,55.586534531118126,249.91047694095414,92.72377592910853,6.221343439506472,215.6558922069874
18.157539657669503,5.243356732277335,130.93421264458223,2.73753269658889,8.617320802125626,95.0,720.8081359538234,76.50942979963766,6.457362946493876,408.52117420399776
14.710828370915698,3.6878343554456205,106.01002203524541,1.4225579609763475,19.33146982372918,70.33868046949163,1976.6560916721296,76.74855152578269,7.215887618394709,786.9697628117239
13.662765584049746,5.476389565398608,194.80281236544204,2.668533502179696,38.31713495133649,55.04299337972848,134.02961187201686,87.67920213046216,7.038829749658383,226.2596878512637
20.573428859266595,5.072463114109301,144.54792601371852,1.602855163186196,23.720773241829733,68.9824516124942,940.2107902305767,83.43066408917531,6.234431438006346,470.9035221864759
17.788247675441415,3.4368174597986427,121.27883487582312,3.6698842107786884,15.095140661226024,46.836966232155234,1160.1679662261417,68.91390711543097,6.2279945327560995,555.4928354676815
18.44043021017483,4.938563465820084,177.74474287425508,3.1473557854825382,34.411484329861636,84.5676007788384,2446.173120374939,87.00086531003353,7.360003379224086,1041.3598056269425
11.766242039077422,4.90432452337183,43.17538360818354,2.576351230790189,27.080133549262037,52.0839635628929,1861.1622592978215,69.18061668008836,5.685801956506591,738.7196244057038
19.78231544467454,7.157073399973568,49.43589620538842,0.5508994694021421,33.629642933746354,69.51628148933699,1065.6976837681402,76.43794758501299,6.1916983257158495,409.14783383387015
18.36326101464309,6.073055994216091,161.83354620879095,1.7132672170727754,28.661752051316192,77.98966444614702,2182.7082182693307,94.81345098288085,6.546133918764839,927.6197149951329
13.668707946756566,5.013734526909759,132.4187379246947,3.0502089052798977,29.75135481727301,67.77152816307489,955.6905076993282,98.59903214245692,6.845846853460889,486.19476581420844
15.585425577650152,5.2985447717613,140.01785201043043,3.4703069533785245,29.1780554862871,63.41704987729457,2005.4598822404032,74.27474905222431,7.640091635844449,840.9542306281973
17.79115161306956,5.053054853725038,76.94415586725805,3.3873358491937053,31.184929871526002,62.162031272840224,584.6736524461907,81.36486770069844,6.118482096932169,292.5945562032297
17.15740039506873,4.756503218245343,129.07065156598534,1.2263895982068356,40.66458269133659,61.15338354669339,2043.9546990734943,84.34098018462964,5.998247382981392,840.6027337281254
16.123486442589336,3.7010873631340555,210.1403764160537,2.741241845450323,32.82603801575513,53.349522666087466,1156.3198127174087,98.24981542065254,6.995529468701892,647.3147774531722
16.68953519580212,4.818737746871685,162.9679847918345,3.3124121731863436,17.51796409292679,55.257748553454434,782.8974554352382,80.05704841740479,7.103311993190535,462.6310958187041
16.244067865379343,4.104682092016984,136.7882618057125,1.1733315475342039,29.67996909167342,84.19385560476402,1269.7138321542116,80.18492781573377,6.692314764997323,549.4519857558378
17.457687536307407,3.4996213532922242,112.43784359580249,2.4936763877014108,33.84888460861931,60.37195050972265,1566.406507832129,96.3898044677029,5.938549726178082,628.3280786671547
21.41447591897947,5.613466177457042,114.21708592522424,2.719073918646765,34.21620483921688,50.213055959258405,1103.1509416845727,81.00168677825394,5.796996685020803,528.1715805041913
10.0,5.469517591919882,44.83208443199929,2.259388332122612,24.440370101645403,54.25553604707737,1732.3721035971944,89.77761367173166,7.221749936601804,671.236659933827
16.289449206470948,2.8559509863583066,140.3056168368464,1.0182705156790386,33.98966667112877,78.50556021045834,1050.2036698015595,72.18285627910058,6.909936356116307,516.6784297305088
17.52953726411734,4.852778435005847,163.81932433927415,2.239441511941017,32.56645439730723,72.13409949746718,1772.2234363588148,82.6301380472614,7.021380622037394,774.3068785025592
17.887981969061297,6.194841663079908,66.97522691317539,2.238155655795981,42.43510462181838,70.40493767348386,1665.3332372219597,70.72322529338877,5.646616370026111,673.0257090692127
15.88425625603613,6.271068486675585,103.54332430772736,2.3815420763617965,22.49998958250893,58.13718201635313,1363.446167175239,75.55652975235436,6.493292350909084,607.6798620728422
11.729834652564252,6.231004211462286,83.70141471066312,2.0492228596599444,23.955596541597448,70.60043705259417,1135.17061258043,90.71361084121811,7.561634381933259,487.35924807986623
17.98398645114233,5.046695848281752,91.38595220764947,2.1455902774068263,25.163285709240277,52.34658312574028,1490.9244774591598,83.6007568713063,6.373112660011519,619.9302214013272
22.182050642492555,3.985945606437019,132.13926507287601,2.4682349741224177,24.058667099767348,58.10578952981338,1730.1522458202196,81.44715407557621,5.957455874763464,749.1035409920277
12.398415785251586,3.6995614071703273,46.623913800461025,2.8539636839757687,21.659875501418384,76.54706731087619,2637.079491638965,78.01000300815267,7.156035210944287,1006.4228400521316
19.591484041094564,5.413525885700429,154.57081753428255,2.2564585897146663,10.42394696595754,75.11416518378597,1963.6522530789084,82.23475141406973,6.261408253348351,846.6542057855128
16.014424330631318,5.4551360412381955,160.1542027973473,2.1722808573055987,24.391803157661194,47.27135231073795,1985.593969889505,86.40890533680555,6.767764422535596,872.8524176217841
16.816026962513458,6.544797333926079,119.9558964785235,2.5738832306035664,29.216148358199426,49.167103206371365,3253.10731691617,91.8633296516941,6.714770288190069,1265.7945854709435
13.841304467888154,6.3199755804105004,30.771659600618335,0.9632672592838547,24.040668926964536,63.630532292201146,1709.5750860607066,62.99882652722558,6.643709119771491,616.6221034408744
15.99663148293237,4.841325612162594,90.14325495990443,2.8816281017811667,38.61228710117466,87.89198562004265,1690.7861067870213,77.34591060589753,6.495934316261649,734.0718858853384
20.900133784096877,3.506952945366957,179.31607736410785,2.499549522301633,27.080254876295175,33.266522532965084,1822.4090445929924,85.27276993751205,7.3454599426990725,812.4366943476726
18.74796572596312,4.617072083586923,18.8802287708571,2.5317548212780494,34.74617433110481,66.17499409355756,794.6204134470481,83.20909507230171,6.1528511456893735,317.2856431719048
22.196934816229835,5.26067743377263,116.09906351225924,3.2685874460755713,28.568522476379812,41.35935002640278,1133.6590181487463,87.2270099402138,5.106941866675975,535.3351535973435
20.532235666933083,4.757500105532715,82.79996886130964,0.9377475759614013,31.958443859359548,52.485035097116814,1096.2984399845996,86.14032228901243,6.233051152026766,466.81398887105024
18.317260036788728,4.306527070306813,162.18281206339347,0.9209329041128289,28.675449323601374,56.53357372903638,1788.568386331737,81.56105709605274,6.753933916343695,769.5657321340785
22.231803578503374,5.303461777963879,102.99544191426155,2.719043076258816,35.21270779142138,55.69237484844663,1295.4952626672807,79.78517443210258,5.993192352606354,574.6959975596706
18.316979476214897,4.395250710307267,146.15816082942445,2.4943065158971875,27.335636100794403,53.993060905111875,1482.9340552845817,82.03598808211599,6.762412803816661,673.8437540319065
19.483964530391177,4.2463206995295515,152.61841676676372,2.6361415545535456,29.976724248532715,62.10810590564555,2052.4727720890787,93.18993879858195,6.542672219528036,883.6651838201581
16.110287139395876,5.373743401164128,203.44903358920078,2.1302983398620436,29.197997601900262,53.97116650054132,1917.8904432224833,78.14393653675428,7.12572070605034,835.4597510421556
17.199637447577615,4.5176089038449545,121.88232225298519,3.031482939391945,25.270287251236088,40.06313922718771,1302.9673981752517,83.49754621484836,6.930045360712931,625.7452446238925
14.90772853009917,5.292925266774023,145.04177478490445,3.2461110743928963,29.42989391354806,73.69804418784165,998.0029418730664,85.46673771198736,6.851101873173186,510.9536019496349
19.96875180378456,5.327844827422547,70.59778083490257,2.8871858351612216,40.40631747718609,73.29308250723321,2081.1648389919133,96.48280743899566,5.257141938508304,833.2149695880568
13.465089130655404,3.6326851986901105,177.61654253174976,2.2913372332763333,25.377618347427347,74.64761465034003,1864.3347085459195,81.59753393410949,8.538389779530455,811.4614044360028
19.347051027252984,4.422510651361505,99.57964607714541,0.8138484899084775,29.51678935711949,38.88898255603877,436.24590902277066,91.67045324808768,6.036715914243827,240.43686952866057
16.428046827484522,6.725332327899755,107.56983343649017,3.1153889664297028,34.546673705216655,66.48377228876227,1212.1076366550315,93.85583522612018,6.694351019747903,544.5296553358427
20.51374128040196,3.6055045847188554,129.11008820603158,3.4773829329740744,33.84151968566568,72.13968283710385,1499.3092772100574,83.48996588007482,5.722600690963099,700.014965128451
19.25260696619378,2.460014661235363,67.48462618640602,3.015646729587184,27.070298506316192,46.53196897340622,1867.2978302726187,82.3142481673859,6.231202785613877,739.8245528711633
22.461938472940403,2.7657858161089863,139.15080115715753,1.7962860581059947,12.69966778225583,62.13759872273194,1946.060896963863,81.36757062361427,5.7606475683714855,833.2242704513621
19.192324073415936,5.034931935892003,168.69865091700044,3.0390355149342065,30.100216911890797,60.25600032034451,1570.3436007052842,81.95341492605934,6.487192304996085,721.2457506728794
12.283879233040278,5.037100733639239,141.71735293989167,3.1884237663691564,13.683154448261684,89.63225987852395,1751.1485188153135,90.83391888461466,7.579373513361277,766.4277445690728
16.799140481305397,4.858866973489855,66.444097432851,3.7470529982392686,35.81962338564739,90.8674405551886,1438.4820814268921,85.84807981804411,6.5974095534294275,603.1011213173161
13.483978422215552,6.457027794714202,125.04762822681361,1.7991120606176338,28.016843227159562,37.03465410004699,995.6889870916636,85.88231767335895,7.310919408221725,496.5282071350337
15.445160472901176,2.0,159.68115611917963,2.3188363323646892,32.998044119231935,95.0,1243.2413653752476,74.99821191696132,6.363277536451286,571.5011248517461
21.533685299830164,5.475120649316988,54.88044936136369,3.097817640914764,21.587333170913695,48.27161418270014,1411.394711984065,76.26007938099812,6.58682459563835,559.6242983338999
18.912601432693087,6.873725842164288,87.00935944729144,2.545928057150526,17.684955160199674,76.71009941491138,1379.192449988846,101.14757459821584,5.561920282633226,559.289836255328
14.903208714263762,3.646663082129943,165.0617441632608,1.6061379183589801,28.564526304847004,76.55746971295596,268.65625733391767,82.57739419769048,7.773327419434445,238.09636478870837
13.958847900678803,4.544232185852126,140.80381736789147,2.8316930280213626,26.798379360263148,47.0646465973729,1161.5099990423412,77.80182403537312,7.565702027442755,549.4339065099125
17.09834627862878,4.096529699325655,146.47886328507016,2.9629293070521334,24.050755043057006,69.39901690758649,1433.7233918534912,95.44879332471437,7.029235772200648,639.1296184678273
13.350319551856616,3.9267847447069655,204.37979230493247,2.5703703170648016,27.507967684396583,60.38699383600904,1231.1780048565795,86.25446838946841,7.058006087636648,625.7525379230855
14.986579167810257,4.608485593972352,148.7421111402481,2.6756679417439555,43.60461535219356,70.31495006948586,1251.9057226930486,88.62523933491617,6.448007061602918,567.8229294695761
17.93602841465373,6.712982340421405,156.31552041732718,2.293035278651416,32.00715328421435,65.46008453570938,1692.7948224827524,82.89562339774773,6.51553486949245,738.7394903503189
20.46593610832009,7.204864010585024,238.42982108873304,3.682623148572848,33.296991635179914,79.94509228055371,752.6256877708197,81.45061527538557,6.45948749295745,530.1234340010236
18.826284416673317,4.5968729299518225,121.44781767638037,1.7794462530298587,32.06362134932013,63.130993147190935,423.17467162927323,82.64330902002168,6.387653448854753,279.63867931225866
10.1261314742057,7.286072256877365,98.08468945526019,2.030143389788977,35.87677286311316,59.48188895860533,1191.0981254979952,72.93809463761099,5.875624454893856,528.4451374162195
17.91310018709078,5.042691772381549,147.1118559298853,2.5087884108220204,25.85956996259553,78.4409634958577,1858.4686433010738,83.29658072464082,7.165663632282406,791.8272794868668
17.216100719697735,7.104429232041297,147.55964117555578,3.2031632221607143,14.671432153948238,70.70593947287905,2412.531823691983,86.36826461634094,6.619129401825464,986.8100991827545
18.24167085611808,4.88804162041581,108.93138432215167,1.3021014639243707,25.86848320196394,72.97720091481332,1869.276943456844,98.80370587075004,6.191314621512476,746.0275340497647
21.848629044953622,5.157269391255373,88.7041192178061,1.4517626001876487,31.87041425997901,52.03119991612105,519.0417440786916,84.68799252004172,5.74798617782342,274.5619968615826
10.810285169585772,5.438569367171401,222.39377688360312,0.8698171938122257,21.18119762930956,46.32105827902289,1260.5796563739373,65.32658366231756,7.543383830546707,654.1329567004934
15.226689724426683,8.0,143.07373881552093,2.5261561802026167,25.941804297064017,53.48416785120948,1553.9806286489177,83.24811653772304,6.287972145556774,710.6183615298766
18.772718968380065,6.021542689813747,100.70858474391697,1.6053553462347647,22.84938154198612,52.687679214791174,1506.5546701541552,105.91603306486644,5.167695903930394,642.4225588514682
12.255216801638174,4.151282564058244,166.63721209118393,2.1923599119856667,36.012175511058786,73.79298902979372,1723.5827317657245,90.93092987988032,7.3595182034908,761.2367323343116
21.427847144160527,6.162797444331029,125.63419393754663,3.0291025519133665,31.496742092439383,76.63976075441077,849.7706321235436,77.51288844953129,6.40259244692535,442.4408154751318
18.105069838101976,4.565800955498791,119.88474214728674,1.9867658233737227,30.909243723863753,59.67304565701399,1438.9658525304455,88.72885211544445,6.487001019577381,625.5545140524625
19.53975195753021,4.412299780518549,152.49091487657972,2.6850256181946914,30.72960787872583,83.46378528236528,1652.1936978656774,78.06389260088207,6.08769288444441,738.4300456730922
15.287169015434616,6.090321631870533,78.3247092707324,2.2605296737986222,26.776504484687237,82.52704090647694,1895.4025719821957,73.16953984362515,6.746629244433644,788.7804424507709
19.441291069898632,5.037302705325383,144.1050881566869,3.0376914520771496,28.18533769516502,65.6509837460081,916.5691000323247,81.21304509412742,5.9337225356846,454.8296495404077
20.205414667967116,5.334291097414168,206.5181923092701,2.880102453878407,19.888892516806095,49.671623426854396,1192.9058796542613,84.73221151391088,6.2444580011688835,625.5386497765172
17.698634060411504,5.0167822662383506,148.64710648789242,1.946453043060312,13.881348127496594,85.6306497415331,0.0,69.02275598053284,6.449571235092453,168.8569371609048
17.703202678096087,5.403899751926522,114.95151584866142,2.3650785972796378,27.900486782070143,61.08473973457388,1027.1228194533355,74.80672567569091,6.929631714278845,464.776885320522
17.811029717845177,5.509959076923379,109.71578878287032,3.3349947181763957,28.943941537632867,63.892477946464616,1085.3510642173742,84.08268450545884,6.409639068003873,505.1625155397318
14.409964205781854,2.675639680753502,113.58640106619563,2.8147014962032775,34.255587410552266,56.90592461590147,788.2492950995342,80.73461459208836,6.80172760223784,399.68388543012964
16.557413959278943,5.7998872023314405,119.84149287808876,1.3824303537990947,36.428014896494204,48.65314510554204,1499.367290139591,87.15849016916873,7.420006439429237,640.5748540869113
16.542432402642923,3.821576696203639,114.88773868966912,3.024494448937106,36.41999090999368,39.97040854527062,1366.432740772839,74.2826533815315,6.758436618310631,589.7728603743329
18.150181593060484,3.2692410373287064,166.65245764298265,1.6323115020510093,21.011858440236733,71.49302485335932,44.47167345343314,89.7129099884264,6.915287482023258,186.55285938594503
19.999472740730884,4.929906507369581,60.671635871640675,3.630010455968805,24.886409790301386,50.24898419155069,1529.304781581054,74.52992722351844,5.915317273763107,642.1970039815707
13.824391754064772,5.100777203977345,164.48000201648534,3.31927907187282,29.882005775288278,95.0,843.0055215265835,97.14187441550104,6.964768443223857,483.9765525219962
16.62497290904127,4.167792602513263,114.81253899429755,2.731908380734721,42.191428066453064,45.708896260812814,1691.413375514309,70.27393372497346,5.270918278231997,710.6785892199789
21.44436664297692,5.997238229201569,145.07791142781488,2.625786274748955,35.880595222283496,43.13926287527945,630.8892513628008,75.2595658369327,6.600754851159316,378.24745298679426
14.769235313562309,3.3893898003549117,84.92048359196545,2.332774195178064,33.716382971990285,69.65208073420162,1418.003923118564,87.33896642425464,6.983311234770913,584.1518579908575
14.53324994812904,4.511667501472929,183.14524267397744,3.0428191611200224,24.673272266704256,84.93970218450943,1230.1020026680965,97.3138660119811,7.1496054277249455,619.2554468091421
17.60691857549358,4.298151038080399,179.8253984068749,2.2033774644303508,21.700802213069252,62.96884485414832,1581.8611309701982,86.52034428892937,6.851464282771685,766.3472216983555
19.53315557145596,4.944095275592793,168.38362103000293,2.688455896511915,31.73344730029944,70.58363630280911,1474.8183665908082,88.50286336145913,6.916269267803054,694.3536355526282
17.03427816668198,5.334637141576686,69.40980896825843,3.197547493215561,20.39603241459384,34.34678873811936,1246.9014949871273,84.14029521338446,5.837915032618094,517.5703058939011
20.98688177131097,3.790528460451746,163.16484284264212,2.050554765179528,25.569381894118184,51.837326814623495,478.23661157345316,75.78881236707845,6.187057588086825,334.4098951416572
19.57038194769958,5.8691392129474735,146.19420350542836,2.0070458080074443,26.311332305988465,45.89576406293649,513.6752219233811,80.07889321408497,6.0592726374777035,308.8625343619409
19.525460200670185,5.07560284200164,65.78915011469729,1.5445076154204327,36.557472534736846,33.57431225078179,1049.6678365446687,74.30472224014979,6.727966720003916,424.6257096931569
18.66234950397228,2.7296644960257077,129.02810464916737,1.6484218030990623,24.871816182241936,63.754703510358304,1395.0320696422477,73.77032025778503,6.892911427294095,602.9235388260853
23.982959301038257,2.649690271523563,144.5813795613305,1.037283750846798,12.364502168564307,28.357585675843495,1035.0512316805298,87.21399135455798,5.095680932040805,491.46350881796604
16.384514933401867,4.985216848484827,152.24301095292603,3.0838630312124238,30.02666788597481,42.167060508688266,1775.1271583476794,75.01457614329631,6.318820941782774,803.3038875556682
10.989433123800458,4.734839218656375,137.09045467795423,3.947131633666217,22.80586888137644,53.94209308979873,1232.4674484729899,86.55643205378689,7.0868171858207925,605.9056118328878
21.812763084551424,4.87589586371044,141.6492566738952,3.6402631547762443,27.25578614662648,49.53071246073385,820.9923651322938,73.58541798223122,6.034522209503037,461.0974153275267
15.626901707129523,4.966421052163739,188.94445569012382,1.1991324090987867,26.479771794947258,67.94612753310602,1233.1422242072545,86.37106416093404,6.65675970513428,590.7078524390209
17.323641333029098,5.270671807412217,179.0413563964272,3.07988373724496,25.35777602509339,66.5837028785372,1535.5159017899314,80.0905394482963,7.714594264946697,719.9945499474663
20.92865205458158,6.13717953181796,15.317801848690266,3.637685079938845,31.742043490708223,75.40698118903185,1594.9308312947505,95.25292426920515,5.857473066260975,620.7970026270328
12.193221376823224,3.6666741188989302,117.30245780649273,2.134552015409069,17.802810729883756,73.28575599069018,2527.0274791958773,86.58975116463252,7.2373379989088695,1001.4238072658629
13.245058357681582,3.593634088519046,123.41395889824194,2.5811579445200397,23.89791465027384,79.1121918404207,998.6543959979483,93.88626314395313,6.7991258284989105,482.51988136477155
12.196166188643438,3.6880113705351407,59.91605709092116,0.8936855593562636,31.10422747870429,61.971223999864186,1355.9128030457598,77.95482626859845,7.0685179252955,543.2895794732015
14.617591129923728,5.346700000602448,133.76732232929248,2.7133889343813133,23.31549134793379,66.55200351225005,1655.6743680916559,84.44914672195334,6.897963464219712,721.874024273725
18.31890981805098,6.493936854375734,179.95031089642026,1.6491522164522259,17.34715974438017,69.67270552878787,1385.9462244795109,76.15130273506978,6.70816166986751,662.0442393719692
18.572563528438312,4.482392674112587,86.53728561637638,2.659708014329212,31.011332059540415,64.12485046086539,1099.629112406808,80.69115805804465,6.599533826727263,515.5641591357114
17.828822537985662,2.0,143.4560375475949,1.2510376622488957,33.738567782649234,56.04208535124389,470.44569419345385,81.90316621804297,6.0584037779730435,299.6537136764708
12.7617023483229,2.9552085648675495,93.36706090814249,2.9342865795820767,26.730028754141962,57.01336198490345,1093.4992645681907,78.19313423450289,7.574524094845058,516.455393761352
10.069689690102068,4.000355932644786,103.12351905281292,3.319610140341352,15.234926409182805,49.73662402505052,755.7785523693194,74.27597712923443,7.054198774802677,402.06316228803007
17.16306075617115,4.330725335005742,189.0957453668014,1.873456110627866,31.235818480192897,68.32425244864744,364.035991325733,72.69186141077878,7.515257204483371,289.55355200633454
15.584671899084993,4.5099336472943286,108.297687195527,1.5904619348716524,17.04067271148187,60.589772388722665,922.5926949976481,65.28201507434082,6.385060676374733,418.3091961123176
18.378157315149835,5.0462973475771005,148.488499560425,0.775181565960015,28.852795661088994,52.05239374044853,771.7449675401273,75.54922829197234,6.298301403852726,393.51179459385753
19.10586087866381,4.625904403013063,55.15127535756052,2.2868691727398582,21.67521705154704,52.06632771013111,1750.271927175769,89.01995117337475,5.6799092242557006,675.237099470702
17.414724296176047,6.259207532652089,204.4927024557952,2.034724852574716,20.04096428539821,43.844019083258175,1760.6551024485761,71.21201174389374,7.09035215352481,814.1277974100093
19.280399256127563,4.188779233182357,154.10609785225995,1.2591844701215562,24.34853989752186,76.68262011855799,857.6724262514751,73.05501722997356,6.611907200009204,456.134998960184
17.687634122345205,3.9652184486293485,122.70000629398953,2.8624150050497374,25.90021466143644,63.179265042976816,1243.8628216621273,98.32718856986332,6.3445035499021545,594.2545567453282
18.5901941168044,5.574650646224554,153.0218603999958,2.1400236945082804,23.13475049768131,49.05799970640095,285.0544027324788,78.90803160121396,6.257651044029341,261.21054480859374
14.885980211390352,3.157229516088657,73.6072228420876,1.639411233083814,30.532219669290903,74.12821624403027,1103.3960298903835,86.56836807331868,6.230544240003896,462.5621969501582
16.461165758505626,5.467630046384002,177.3012296701063,2.0563420754876423,24.323583729246998,53.593267853084406,1639.3891404214073,89.13853717200396,7.012672287251559,718.9629016562302
17.59032828997087,5.12306382047152,117.04060898014279,3.3570436311436924,32.88114523003093,40.90249059481651,1894.9627337684617,89.30020903825024,6.429115401942055,805.7433634726391
19.461585426252256,4.823069012098199,121.83721939806262,2.982349555004178,28.687038993860877,77.318334338287,972.1717509852117,71.82148615513552,6.1389406424307165,481.4876716761544
15.818776483326284,6.905931328579115,110.33377540138062,2.395979150801208,22.814656760422153,53.94354515650831,2031.112916316512,82.15152256080408,7.313990736181821,837.3669004900521
18.56350176719634,4.2533510656463385,106.77394389017661,2.995284014771882,21.804360697006285,55.86651364686816,490.584847091917,71.05418184385286,6.41772792148017,331.4972034390196
16.202483624253862,7.472357804628894,157.78682446513633,1.5712704348906088,17.11502220571537,62.61770030523766,651.4233205137245,103.57054287128258,6.979851915535242,400.36679160419817
16.647373498015607,4.7294822609262805,140.2362740041689,2.5258960805816244,28.744399067200934,79.13883834185172,1825.7971193827257,71.2409978878752,6.623450252517837,801.5794394685176
19.48855712607222,3.467580266035726,156.0699256561216,2.6178578643891766,24.87247471649185,62.300559362994676,2402.6727371379484,75.61727824904143,6.667609978119364,991.886961159776
11.020818886837532,5.08390349719379,129.64821242057715,2.1241307932010187,12.766826831618914,44.013243107821545,1696.0591929102172,75.67519316126797,7.082834584793493,722.6784117531282
13.110583015775717,3.708505759617478,150.52799244308724,2.848366668765934,23.785710763383598,70.1581550616827,1375.7945680795926,72.02671618621696,6.523415040927158,643.6588066601282
12.553443807671538,4.0978929826238,113.24605024299846,1.875653236284439,21.593795824470288,54.72515413607414,82.88975208667489,94.82075127805237,7.599816890306224,137.08511453028507
10.0,5.476439960018589,219.18927365638194,2.9078565662208944,36.454065553023966,90.31885957294199,186.53176637391243,103.37958320866797,6.978225816685078,295.4521757913319
14.96520667953447,5.66669850638015,67.28278334278005,2.9414870172250334,16.783328328640142,61.98320417003165,1477.6457221375213,80.19400704549906,6.996728808575354,616.4885890430439
19.248301699183223,4.25339875969489,180.43749294251938,0.1662720954423471,18.351895201595678,28.474467531520006,1185.1623982572953,73.43661482524472,6.411433940845146,553.9324926884037
16.145347800852274,6.184886174055681,184.71629802883882,3.452244562808094,33.6598178586342,67.36047458233512,736.4988907087293,66.10459601019183,7.038629902067069,475.88877274411124
17.593370245825557,6.389009309625361,95.91364776137624,0.06189394771779666,35.14057894478378,91.16896688390342,1439.3195484980304,82.04713025182319,6.158405333835311,587.5967719250857
20.267652490132377,6.723562107875949,219.17094442223893,2.0071607795551,22.53010236764615,85.63880432818084,1469.0788205046858,81.46907661470846,7.0863905673204854,699.626332478848
20.983058396803074,5.6352960885508665,169.81961131781273,3.320278427406204,23.207485063146535,89.46431433134848,1966.6495211241636,78.78963098911885,6.579088250847027,873.4073394810011
16.79258619582158,6.636114454502838,168.84556027291646,2.2461706197980473,30.69741237931988,46.703597219278045,1481.9613698076205,85.77100203180983,7.065628401488333,694.5004352509653
21.06075766870819,2.743041886431131,131.12088748103506,1.3270512140243664,13.037401218328139,75.68228593965168,2137.0366210006305,87.1613851425239,6.807880213508505,890.595597305941
17.276379975302326,4.618512141645845,121.31095367125295,1.6250103506266633,15.832837892966664,51.170081903949324,1404.7964177292881,86.5846660635032,7.135488705522511,610.0435401617499
14.487805328517613,3.9595936924118886,121.62364691841567,3.321524597056496,25.31559959489573,65.36434099125387,1330.7990031155982,81.4710010242521,7.315177393985007,623.0978824460269
15.216798943403795,5.143071033352871,145.6212238527807,0.9627963755610893,36.29934339677476,42.90571356890401,2038.5873117483093,75.18702536340591,6.360911427547556,852.1256838828386
12.558390462304951,4.314260936963915,186.04745100135585,3.403192880769614,24.38561947099956,52.33316352675926,812.9354719751393,89.32666478245373,7.089949790199654,465.4818404165077
14.335598438799042,4.800610589660321,137.25256871445677,2.4559183207661683,27.605620750410928,51.85629953954577,3088.668471959697,84.10011007537224,6.698684920273705,1207.1701260005213
15.925949935776712,7.25860985624486,93.54225507450839,1.5460837356460533,33.802735635384074,75.47832920213924,1625.1544869000415,91.1068601986772,6.8067775447769385,684.4794319761626
19.410755058135805,4.796336244295546,162.9770824953992,2.033507942157847,39.64130839966887,74.01078682504483,1628.497551702604,90.32060439577785,6.308225216062077,751.8632751697003
22.16230949349795,5.496550780628256,166.8460298557917,1.686220527118687,23.538909161110126,66.15229593996231,1715.0575843835586,72.62590344762307,5.742932693321702,768.0106749567228
12.853455453868879,4.721276804090918,156.18638113791144,3.192980160686823,26.898979657599444,41.74367872916922,2526.2818851989855,72.52622234033917,7.153372093439096,1079.3049366131552
18.178482404779757,5.0908559455482,159.8199562609993,3.0859422478102707,37.93233132805705,57.3254084907542,1875.504447003564,77.95567425007577,5.912177133445683,846.6969451063493
13.878368182527396,5.007220016523286,119.16287479368768,1.1246710928991626,17.86680434885143,50.80825275585911,436.9664125976458,75.54987673367465,7.034830820475972,278.5395075872459
18.424091265389606,5.537988879167791,92.84043331477682,2.1771263051845327,33.16548642332293,75.04513635041737,2242.0822308605025,90.0420142078088,5.7402154020273315,877.1875556025377
16.60674004793682,6.398369042656612,95.27226277436881,1.8094514701245783,20.890106805832453,79.67277279225777,1195.4620523329895,86.81047740790333,6.843326084548482,547.9827163168022
11.507282522457409,6.976872797123995,64.58147006168568,3.5348079747674963,27.61483420261894,77.84578379046324,1464.293043703594,92.79347195028248,6.833347044753831,619.6264360164084
19.784890974705455,5.371544098291,139.47794446183798,1.4199207054988632,25.544285715598356,50.67170870874469,632.4476166948401,87.17189453928735,7.219889554529342,351.8743458353178
15.184997861573807,5.707456263242722,126.66204867093626,3.7833832837480115,21.251930395792623,20.907003165657812,1715.7212108743374,85.66919665498695,7.28803913287445,745.4334061435845
15.398299284879336,3.61896258897732,112.40049181881164,2.47336420838645,21.10138843405035,35.49557152804918,1009.1754259594686,93.59783824275337,6.6875740119732665,483.5206264593424
13.79074276613093,4.894547909101255,11.775247026197206,1.5704524748959299,28.658486185522527,83.32440467123313,1460.1017827960843,87.75781871788038,6.882179190098714,515.6093536145195
15.037150169937334,6.1283473578603065,80.10730121223324,1.9581806527925778,32.97323596897609,55.98117591020264,1229.5405967835302,84.54480770750175,6.1903104995532034,533.402772194834
18.28367132208475,6.039162366100584,174.83362605612666,1.8587049273852396,26.22158278086898,50.73913072602331,2555.007681041511,95.84362427144548,6.391551926662622,1051.7915198841417
16.432266977190782,5.253931679354061,103.41495999747477,1.4803052783875952,27.4206789523993,86.6399044015435,2589.356180087354,84.92144706522232,6.823988122222032,1018.2403166406366
17.985986006847444,6.063672751481543,144.42366710627365,2.5758614877843007,30.427044397746283,80.9773991823249,1427.9079021288449,81.56527516065663,5.832358927241746,646.9018463223597
18.08576556178653,5.5889200507925825,74.37258280098975,1.5176675594465254,21.17028736192224,62.3667308287968,1438.3866268213128,77.2974139297788,6.341915871683349,581.6565785705117
20.961984966584502,6.4403675099111855,187.54821929436923,0.7557070330094489,31.438155050477537,57.59895363404039,1175.934220190291,89.6242036723633,6.131681510536215,569.0856532879578
15.971641547406861,5.347230988348533,124.23889359781295,2.1962588233214615,31.91605858235848,60.01848180780312,2063.603774901672,93.89640433473976,6.883707339828942,852.8991745975324
12.569426549462804,4.573162021314759,141.6016158593414,1.0577150428656938,42.621757792502464,65.40744197581199,1202.6480777999736,83.59530078853255,6.1199723740578245,582.8503319365125
20.20166724971595,5.403009508319628,223.0311916752674,1.8982713055459837,24.743374856642507,86.00070921979412,1147.1976352125805,94.4633249902387,6.825499185016161,635.5999709734348
16.005535483708236,2.0,190.65760402357614,1.7727176891173153,24.251509189991236,68.3370113635584,1987.1557181989788,68.2398797442274,7.156802196865323,885.0396202285805
20.34377733373213,5.459462883662059,117.73737514851769,1.8030271423793485,31.613795229442474,72.89043549558713,1077.0205428100103,83.55637300153668,6.848334170731092,499.19238415601114
18.15013133954741,2.0,106.27119260518563,4.100770481272123,31.91462501347283,79.53905163605256,1377.3469793308816,83.67924070316451,6.500610285052493,636.3246053565111
16.606587409389967,2.9318439111134986,116.97819953921874,2.5451292537356567,23.78947707973973,44.454859984633714,451.2135310934043,78.18404502074122,6.425650653404972,306.11987707433644
18.046327682138884,5.542122321129181,150.39592993906143,2.6962968071962656,24.58102393841971,73.32292838711064,1822.5142070739003,103.07088830385499,6.375407359745724,786.9729472809076
22.853037680378897,5.573035204720155,125.79103462996515,1.0788813629261642,30.246785029308242,57.58146868007583,2564.520163509121,83.47045893848991,5.48696574782101,1016.8288706857567
23.23094158716126,3.6050854638320837,114.19023419986114,1.9768294930904624,22.034494555592033,24.258572063408508,1832.7352236798752,80.73815382716454,6.087629671022177,735.9000225779478
17.208143405398335,4.145477549745274,188.6872500283617,2.6722421039532094,24.53679607190991,30.07745687021282,2277.079500528383,84.20769690746803,7.231503390010664,1007.61154566237
17.480571779951227,6.644649186336959,125.43160432888652,1.6803768696695949,27.537556604210607,46.72823582721972,892.3387182936015,67.97749009179336,7.619194991366877,470.91548981869676
20.228720472399157,4.419163842112789,221.98356372149277,3.2264502748143884,32.975632108933546,69.96834842888872,1541.7945692169205,77.92105659724068,6.403819147070339,769.845996193717
14.463016901697959,7.691504374883582,133.62970255008693,1.5378427312791758,23.372408302922757,63.706993480104444,834.1040453783662,91.86591975556323,6.663049327172349,392.86954531744647
17.999211117854767,4.997696176188384,201.41273576898908,2.2709070913078593,15.945693227815969,64.76550060763496,1263.3406726511944,78.9684371605378,6.689791256082143,650.8897572215625
16.92241145613843,5.48964341225752,144.29277690842508,2.031158688019553,15.500415194890735,91.26415224030038,1863.326886411503,77.36899869759783,6.907522397955195,786.6414167241956
17.94172463437266,6.940249278198329,168.51842292997793,2.6314565275055326,19.4435215997632,42.963655777102815,1461.0923678619793,94.47620509211521,6.856026245124107,677.5659532110261
14.499893582151783,5.157232539432103,101.01555793929103,1.9876079425156592,19.120993690800375,61.588499687244145,552.4153864392671,94.72203520761462,6.890068769420407,313.4523546304516
12.231297520073094,3.7971872231710386,95.84963109650353,2.28328509834325,26.072335448280548,66.56653284220724,610.982536677348,88.13592377728914,7.381828645199563,327.67544988108125
10.781049692026125,4.868327057966852,148.3882382005995,2.3110959265776114,19.86671907841437,50.955903251924966,571.3016411055357,80.35906132769067,6.94568664343422,347.6526443095882
13.647847661031177,4.957267116571891,169.5421296986126,1.9124897940869592,22.783470241072777,62.42490117624411,1694.8715539637542,82.08423147906942,7.685666224416478,751.4778920681965
15.623974145182,3.3623100173581215,131.61026008001852,2.8880750947976903,22.3554846901077,38.00075998873483,2638.336721394001,77.56680030740033,7.134703457741346,1073.2750530691997
16.120425240053713,4.693001514391012,78.54426659665211,2.6907106998699404,24.35695283491204,83.14859325912542,2217.474946400128,76.04181504777084,6.607276914018352,870.3707583078877
22.81169348728855,4.109369487203076,75.58966534842692,2.429108843797466,34.93502598913874,51.775781712043496,262.4088805123613,75.64466809353254,5.669373896848508,169.81962726891254
20.317980109721894,6.10922930862492,72.91454391255036,2.1556333332304334,30.9716855365831,92.47100247167754,2252.6455628418703,79.05556474571834,7.052777361917822,872.3602782635273
14.113726650975117,5.041534249022307,59.29511548242476,3.137235224415998,27.096776491656023,61.51288514123817,1961.8402502087883,75.72223207452204,6.436259880504136,781.3542653871648
18.04312535735287,4.660645101022916,134.3794143778835,2.311332604948655,24.23384231651497,77.42080348098774,472.82003268274536,71.4903590516548,6.761102161668477,305.92961921972557
15.778765290949025,4.872581683252909,175.00175686832102,2.2546421697392502,24.400604060261873,61.20045696513269,1218.0790299737014,85.75522135803125,6.803135402374762,582.0595519768862
16.146908485879713,5.2677464220873995,129.46336852300766,2.5837520239105007,28.966478819711696,61.53884251609205,2057.313446897486,85.8767646471475,7.560781667583659,877.2364392781909
17.555976948246148,5.740177039627736,39.58340970648591,3.8572693463766807,30.50501444011374,53.239560001669886,1730.2601065608712,97.60634206742654,6.534545614337615,646.3706308223764
18.85751335092618,3.8003453255967425,122.36958158661805,1.4277150335830369,21.554294963396398,63.78685894049416,614.5429685672086,78.65329305316237,6.216816493756618,330.2551439415098
15.982224548347954,3.750094840854474,123.48804013469572,3.1158855144442836,27.21888453368539,66.76998041621071,1766.4452934777164,86.36880471698616,7.043448572199317,752.8662789439369
20.191554598203076,6.325615058483036,213.83995000901757,0.9854630710095158,14.810282588021838,50.2361223662723,117.49964235164725,86.50170063419841,6.760091736726253,237.42980388643164
13.574185321572788,4.505195753354323,71.71448348321775,2.6738185265828993,28.270282705023583,60.124333762101735,1266.3066945456733,81.96929951099574,6.628017684798454,546.0123127510481
17.019017187086806,3.299789488883751,114.37289589603218,3.7600662620869847,31.572895451752117,52.84851700914329,2082.7740616400292,89.9546687099974,6.974723805289003,890.0901834856403
24.793021179787495,5.5325752512597255,198.23410722178255,2.890934819573846,25.319588238714747,95.0,1411.036529342792,90.20183349480571,6.260559614867265,687.8123885528829
17.669239227875824,5.556043767239224,147.99913365386192,2.6365000628318342,37.89916197684063,60.654038451325725,1100.6374700228325,86.61928876158032,6.604700443780053,552.7773639591741
21.299643519818517,3.163141691291952,152.53252294065697,2.0516404249575393,21.712569315383696,85.17848227544839,1933.6077522634096,81.95488235961764,6.319093333514579,834.9981389219429
17.274560534519626,5.275378058556328,134.58337748095514,2.5248377603908434,28.304642491819568,59.06566503788468,1984.8510890519487,81.13975913156372,6.907530294475296,814.981133404131
18.74233128598939,5.882699710914048,143.1977415462906,2.298349747677315,26.785051520004266,65.88931462302362,2186.02381572017,73.05796880962353,6.69093143749428,944.0638914938846
16.829650416821924,5.449263742047516,161.10438121114143,1.8712187136549157,26.39821399533955,42.17953892532096,1924.6054570678325,77.55265777105846,6.935899728843369,812.3592410152951
16.488777256507387,5.758377780513674,97.62054724428936,2.268099507620104,26.314066991971515,55.29391112198203,2048.824876362288,79.0239398087865,6.400502916630772,834.7098748143437
14.66155280982374,3.314877082291101,165.122343156328,2.6587049285011517,27.64263018005683,65.1580200618387,1839.7451344625208,75.00822590056453,7.868691093855679,823.3479995139916
18.29090407687266,5.397248185995434,75.07987932457843,1.8862263451754877,32.0877524607822,85.790057464398,1559.3171894698833,87.51939173350131,5.915296303617228,637.2912947899805
14.445388432442696,4.636856288635464,143.13471891326154,1.8549745434522527,35.26641741764847,65.32974166514407,1453.7053998582885,93.57302295189608,7.264256503842118,646.2299295874022
18.996755708940288,4.420651809530426,137.1496385314531,1.4118052499262606,26.986498532975055,82.75580541789499,1257.6441685415589,76.7355005413668,6.412324664486707,586.8090071324665
20.25586101333773,6.044666731303671,105.34827647231569,2.812580020871117,31.8918964330298,71.61093665304381,672.5790241641646,86.2675314859571,6.9447408763833325,336.70043161066843
18.09959422171169,6.7751294128090755,129.09258898697414,2.9362586095736485,22.789398322399304,86.41102009197029,826.8130947081147,75.72711088376232,6.180305407242004,434.82908457632993
16.141253799332926,7.153244065520431,105.09839389337787,2.685328355389214,31.595732716357396,61.11436674042417,1230.7913108388743,81.5606226324867,6.276092394498238,545.2190778970555
18.361896737926088,6.577769445807086,87.13194692553023,3.2721363941829327,22.42805085703806,95.0,1544.8712957614575,78.47736336657779,5.975818557011509,645.5093441994919
16.07398083336076,4.86831898204378,115.85541033545422,2.570294109664582,33.543959616528795,54.719056956288156,2264.487558802558,88.81516518885154,6.9211669019424065,929.6076375486417
19.806641376395447,5.423264195631612,85.84045458513354,2.8136087498926052,40.26384526435944,50.50307248703496,1374.9216632746925,78.56969460926257,5.233463937920291,605.5192560579587
11.505781747354629,5.920187446141092,142.91189856372992,2.7430699405100505,26.26749667217165,43.84920725466449,2002.0857745265985,92.09328330965317,6.9755107953943,851.3446726923025
15.993177895644061,5.145413539159354,83.99658023390546,2.4267679844654335,13.844739055155548,95.0,2047.5893938592724,82.0342338107024,5.791856364472557,830.0981972042696
11.027564014628007,5.156917025493853,158.47908091964206,2.075342537496282,23.71156240053106,74.29171358926847,1261.1319213867255,78.80317032324135,7.3357375859428995,602.7912829674221
12.514817509318384,5.988503758251419,82.7408372828472,4.271322092633529,34.39125080573582,56.988188999295375,1756.8141268221102,73.97355790123869,6.686037963817449,725.2151990975076
